id,lat,lon,rain,sea,elevation,dist_river,dist_drainage,rain_norm,sea_norm,elevation_norm,dist_river_norm,drainage_norm,flood_index_base,water_influence,target_risk,is_flooded
N_0,12.8,74.81,0.0,1.0,0.0,1.8284132708080094,0.3998273467819543,0.0,0.3333333333333333,0.0,0.18284132708080095,0.07996546935639086,0.3333333333333333,0.518561044532222,0.49222923874801366,0
N_1,12.8,74.82,0.0,1.0,0.0,2.6284667142368745,1.026359666927721,0.0,0.3333333333333333,0.0,0.26284667142368745,0.20527193338554423,0.3333333333333333,0.36650621199888456,0.6809298195502034,1
N_2,12.8,74.83,0.0,1.0,0.0,3.297094792557315,1.8470096650213863,0.0,0.3333333333333333,0.0,0.32970947925573146,0.36940193300427726,0.3333333333333333,0.29436917750746816,0.2694564624417037,1
N_3,12.8,74.84,0.0,1.0,11.0,3.202696027243024,2.693582491293187,0.0,0.3333333333333333,0.11,0.3202696027243024,0.5387164982586374,0.3333333333333333,0.30278293604718,0.47573442541278915,0
N_4,12.8,74.85,0.0,1.0,15.0,2.574296949685301,3.6208075816109386,0.0,0.3333333333333333,0.15,0.2574296949685301,0.7241615163221877,0.3333333333333333,0.37393005295005677,0.5697118695579357,1
N_5,12.8,74.86,0.0,1.0,18.0,2.1308159869768692,4.6169750051038205,0.0,0.3333333333333333,0.18,0.21308159869768692,0.9233950010207641,0.3333333333333333,0.4482664665475919,0.32809685406253464,0
N_6,12.8,74.87,0.0,1.0,30.0,2.1921242813107455,5.645707979451753,0.0,0.3333333333333333,0.3,0.21921242813107455,1.0,0.3333333333333333,0.4362765178806764,0.0,0
N_7,12.8,74.88,0.0,1.0,57.0,2.7243533302107688,6.692004834255331,0.0,0.3333333333333333,0.57,0.27243533302107686,1.0,0.3333333333333333,0.354063349405853,0.44438792536738825,0
N_8,12.8,74.89,0.0,1.0,7.0,3.5200075817831924,7.748753997632019,0.0,0.3333333333333333,0.07,0.3520007581783192,1.0,0.3333333333333333,0.27624251535611605,0.4427319212411868,0
N_9,12.8,74.9,0.0,1.0,20.0,4.439647033405203,8.563695509943614,0.0,0.3333333333333333,0.2,0.4439647033405203,1.0,0.3333333333333333,0.22028144316980017,0.5764366682197097,1
N_10,12.8,74.91,0.0,1.0,19.0,4.503707632676918,9.14397654253728,0.0,0.3333333333333333,0.19,0.4503707632676918,1.0,0.3333333333333333,0.21721622652621186,0.6673738629424627,1
N_11,12.81,74.81,0.0,1.0,0.0,2.797162988963595,0.6236424003022828,0.0,0.3333333333333333,0.0,0.2797162988963595,0.12472848006045656,0.3333333333333333,0.34516525435723966,0.26500808359773914,0
N_12,12.81,74.82,0.0,1.0,0.0,3.374866158096178,0.48589588030759606,0.0,0.3333333333333333,0.0,0.3374866158096178,0.09717917606151921,0.3333333333333333,0.287780868241522,0.10676228523359049,0
N_13,12.81,74.83,0.0,1.0,0.0,4.160148609908558,1.1843185992473413,0.0,0.3333333333333333,0.0,0.4160148609908558,0.23686371984946825,0.3333333333333333,0.23473359536663316,0.5678355327368316,1
N_14,12.81,74.84,0.0,1.0,11.0,4.116700729188027,2.214945299726694,0.0,0.3333333333333333,0.11,0.4116700729188027,0.44298905994533877,0.3333333333333333,0.23715223446567935,0.4081934179531356,0
N_15,12.81,74.85,0.0,1.0,15.0,3.5368224049677837,3.2803370678203896,0.0,0.3333333333333333,0.15,0.3536822404967784,0.6560674135640779,0.3333333333333333,0.27496531000084906,0.5788610937016313,1
N_16,12.81,74.86,0.0,1.0,18.0,3.228400135009905,4.3550541132049565,0.0,0.3333333333333333,0.18,0.3228400135009905,0.8710108226409913,0.3333333333333333,0.30044464590704145,0.49211960049028003,0
N_17,12.81,74.87,0.0,1.0,30.0,3.269187822557646,5.433565847561868,0.0,0.3333333333333333,0.3,0.3269187822557646,1.0,0.3333333333333333,0.29680743629213036,0.42643909032099525,0
N_18,12.81,74.88,0.0,1.0,57.0,3.6474892030226944,6.491276689566993,0.0,0.3333333333333333,0.57,0.36474892030226946,1.0,0.3333333333333333,0.2668453318540339,0.3181395803146021,0
N_19,12.81,74.89,0.0,1.0,7.0,3.54481355451749,7.040257948977578,0.0,0.3333333333333333,0.07,0.354481355451749,1.0,0.3333333333333333,0.2743624564171658,0.4811577266762075,0
N_20,12.81,74.9,0.0,1.0,20.0,3.5182513979922603,7.620120134094417,0.0,0.3333333333333333,0.2,0.351825139799226,1.0,0.3333333333333333,0.27637659465975534,0.4195360228694304,0
N_21,12.81,74.91,0.0,1.0,19.0,3.632106975655755,8.200068692224447,0.0,0.3333333333333333,0.19,0.3632106975655755,1.0,0.3333333333333333,0.2679451598046151,0.5327279960527194,0
N_22,12.82,74.81,0.0,1.0,0.0,3.844217580005263,1.2542851274100308,0.0,0.3333333333333333,0.0,0.3844217580005263,0.25085702548200617,0.3333333333333333,0.2535357088486649,0.3363584168725002,0
N_23,12.82,74.82,0.0,1.0,0.0,4.039257627837196,0.6116682004393945,0.0,0.3333333333333333,0.0,0.40392576278371956,0.1223336400878789,0.3333333333333333,0.24158921476035555,0.21888710234936767,1
N_24,12.82,74.83,0.0,1.0,0.0,3.9341515771675697,1.2353978785652229,0.0,0.3333333333333333,0.0,0.39341515771675695,0.24707957571304456,0.3333333333333333,0.24788359606014435,0.18904031244635788,0
N_25,12.82,74.84,0.0,1.0,11.0,4.121926301124008,2.24264151658619,0.0,0.3333333333333333,0.11,0.41219263011240076,0.44852830331723803,0.3333333333333333,0.23685870587882338,0.0,0
N_26,12.82,74.85,0.0,1.0,15.0,3.782741518587445,3.2990661016177745,0.0,0.3333333333333333,0.15,0.3782741518587445,0.6598132203235549,0.3333333333333333,0.25754997988220535,0.49251156448844763,0
N_27,12.82,74.86,0.0,1.0,18.0,3.5852449861664044,4.369141382738086,0.0,0.3333333333333333,0.18,0.35852449861664043,0.8738282765476171,0.3333333333333333,0.2713523805754513,0.40628143117605947,0
N_28,12.82,74.87,0.0,1.0,30.0,3.6703817355249244,5.036085413495085,0.0,0.3333333333333333,0.3,0.36703817355249246,1.0,0.3333333333333333,0.2652251337252929,0.4513521849583728,0
N_29,12.82,74.88,0.0,1.0,57.0,2.9295520399224566,5.517218829065297,0.0,0.3333333333333333,0.57,0.29295520399224567,1.0,0.3333333333333333,0.3300818031254534,0.3845952399987437,0
N_30,12.82,74.89,0.0,1.0,7.0,2.458406047819725,6.097714485106967,0.0,0.3333333333333333,0.07,0.2458406047819725,1.0,0.3333333333333333,0.3908683693318347,0.5809680953181711,1
N_31,12.82,74.9,0.0,1.0,20.0,2.419949898721702,6.6782073281821726,0.0,0.3333333333333333,0.2,0.2419949898721702,1.0,0.3333333333333333,0.39683328645036603,0.5240400770088668,0
N_32,12.82,74.91,0.0,1.0,19.0,2.831866311109141,7.303616092132765,0.0,0.3333333333333333,0.19,0.2831866311109141,1.0,0.3333333333333333,0.3410796720883547,0.5346104963736106,0
N_33,12.83,74.81,0.0,1.0,0.0,3.46387022491897,1.6539262875363856,0.0,0.3333333333333333,0.0,0.346387022491897,0.3307852575072771,0.3333333333333333,0.28059383111312264,0.2695861285932338,0
N_34,12.83,74.82,0.0,1.0,0.0,2.968111997633207,1.4165004536464623,0.0,0.3333333333333333,0.0,0.2968111997633207,0.28330009072929246,0.3333333333333333,0.325933342971644,0.2210513533849069,0
N_35,12.83,74.83,0.0,1.0,0.0,2.823414351832261,1.5435683109563705,0.0,0.3333333333333333,0.0,0.28234143518322613,0.3087136621912741,0.3333333333333333,0.34206577640054553,0.1686826934262687,0
N_36,12.83,74.84,0.0,1.0,7.0,3.079664957630642,2.26042975922663,0.0,0.3333333333333333,0.07,0.30796649576306423,0.45208595184532596,0.3333333333333333,0.3144985441312532,0.29435567004188645,0
N_37,12.83,74.85,0.0,1.0,10.0,2.752716659924213,3.0248186786809272,0.0,0.3333333333333333,0.1,0.2752716659924213,0.6049637357361854,0.3333333333333333,0.3505430504361995,0.060075150164447755,0
N_38,12.83,74.86,0.0,1.0,9.0,2.4743393220877303,3.662175367915246,0.0,0.3333333333333333,0.09,0.24743393220877302,0.7324350735830492,0.3333333333333333,0.3884491805023678,0.32617518373707594,0
N_39,12.83,74.87,0.0,1.0,6.0,2.649146716045894,4.0172441981068,0.0,0.3333333333333333,0.06,0.2649146716045894,0.80344883962136,0.3333333333333333,0.3637492295930655,0.5287364203557846,1
N_40,12.83,74.88,0.0,1.0,16.0,2.1291063255598335,4.59587852861317,0.0,0.3333333333333333,0.16,0.21291063255598336,0.919175705722634,0.3333333333333333,0.44861027423124505,0.5438167416695612,1
N_41,12.83,74.89,0.0,1.0,13.0,1.4123313314855548,5.174927710031992,0.0,0.3333333333333333,0.13,0.14123313314855548,1.0,0.3333333333333333,0.661230762849901,0.5246054447853442,0
N_42,12.83,74.9,0.0,1.0,54.0,1.3442784173134725,5.759630573426775,0.0,0.3333333333333333,0.54,0.13442784173134725,1.0,0.3333333333333333,0.692387276589037,0.6156888693508966,1
N_43,12.83,74.91,0.0,1.0,42.0,1.9925631146585066,6.474361080651326,0.0,0.3333333333333333,0.42,0.19925631146585066,1.0,0.3333333333333333,0.477882838034825,0.3668806405358056,0
N_44,12.84,74.81,0.0,1.0,0.0,2.6391701430245837,0.6214881616874633,0.0,0.3333333333333333,0.0,0.2639170143024584,0.12429763233749266,0.3333333333333333,0.3650740727247424,0.17609167234122364,0
N_45,12.84,74.82,0.0,1.0,0.0,1.9433573530714148,0.4486408599939365,0.0,0.3333333333333333,0.0,0.1943357353071415,0.0897281719987873,0.3333333333333333,0.48939065822083366,0.35167333127552325,0
N_46,12.84,74.83,0.0,1.0,3.0,1.7142493733236992,0.7489769209296963,0.0,0.3333333333333333,0.03,0.1714249373323699,0.14979538418593924,0.3333333333333333,0.5511921429896944,0.24885549861952808,0
N_47,12.84,74.84,0.0,1.0,0.0,2.1098005549597683,1.4735849500878941,0.0,0.3333333333333333,0.0,0.21098005549597681,0.29471699001757884,0.3333333333333333,0.45252952704512556,0.4705367924147603,0
N_48,12.84,74.85,0.0,1.0,-2.0,1.821709893373715,2.327088448853002,0.0,0.3333333333333333,0.0,0.1821709893373715,0.46541768977060044,0.3333333333333333,0.5203699077827092,0.3615524320662183,0
N_49,12.84,74.86,0.0,1.0,0.0,1.365134020082743,2.5808126353476393,0.0,0.3333333333333333,0.0,0.1365134020082743,0.5161625270695278,0.3333333333333333,0.6825314178040349,0.33767461218866485,0
N_50,12.84,74.87,0.0,1.0,1.0,1.6610775134366136,3.0638550682045484,0.0,0.3333333333333333,0.01,0.16610775134366135,0.6127710136409097,0.3333333333333333,0.5678341767300028,0.3248976863913712,0
N_51,12.84,74.88,0.0,1.0,1.0,1.719527440662143,3.642881480396428,0.0,0.3333333333333333,0.01,0.1719527440662143,0.7285762960792856,0.3333333333333333,0.549593250232099,0.642256845779847,1
N_52,12.84,74.89,0.0,1.0,7.0,0.6468860936118513,4.222307969530152,0.0,0.3333333333333333,0.07,0.06468860936118513,0.8444615939060304,0.3333333333333333,1.3388922468272508,0.6108057353896952,0
N_53,12.84,74.9,0.0,1.0,41.0,0.48049323852622294,4.9214934381133135,0.0,0.3333333333333333,0.41,0.0480493238526223,0.9842986876226627,0.3333333333333333,1.722672950573612,0.5236014708218358,0
N_54,12.84,74.91,0.0,1.0,72.0,1.5472591967588707,5.695307838837738,0.0,0.3333333333333333,0.72,0.15472591967588706,1.0,0.3333333333333333,0.6070690040569141,0.04992359346802147,0
N_55,12.85,74.81,0.0,1.0,0.0,2.0987861760133,0.25780796567766256,0.0,0.3333333333333333,0.0,0.20987861760133,0.05156159313553251,0.3333333333333333,0.45479638307219883,0.5993539251064661,1
N_56,12.85,74.82,0.0,1.0,0.0,1.1029275124723341,0.6833084121446492,0.0,0.3333333333333333,0.0,0.11029275124723341,0.13666168242892984,0.3333333333333333,0.8313052861720117,0.7510443421513068,1
N_57,12.85,74.83,0.0,1.0,-1.0,0.6152199342956821,0.13056646878788977,0.0,0.3333333333333333,0.0,0.06152199342956821,0.026113293757577954,0.3333333333333333,1.3981713205250035,0.38480697292448995,0
N_58,12.85,74.84,0.0,1.0,19.0,1.3404062128542233,0.9540736787479258,0.0,0.3333333333333333,0.19,0.13404062128542232,0.19081473574958516,0.3333333333333333,0.6942486022873084,0.2997105998258892,0
N_59,12.85,74.85,0.0,1.0,22.0,1.2380093593423398,1.41649281850972,0.0,0.3333333333333333,0.22,0.12380093593423398,0.283298563701944,0.3333333333333333,0.7473789275222419,0.35182989900587064,1
N_60,12.85,74.86,0.0,1.0,7.0,0.2787275492382487,1.5435419087528128,0.0,0.3333333333333333,0.07,0.02787275492382487,0.3087083817505626,0.3333333333333333,2.6404205398084817,0.43844286798530807,0
N_61,12.85,74.87,0.0,1.0,15.0,0.9865297825841925,2.1230558882214083,0.0,0.3333333333333333,0.15,0.09865297825841926,0.4246111776442817,0.3333333333333333,0.920361333880429,0.10529386178859351,1
N_62,12.85,74.88,0.0,1.0,11.0,1.9629869524700825,2.7029888087795384,0.0,0.3333333333333333,0.11,0.19629869524700824,0.5405977617559077,0.3333333333333333,0.4847340400299997,0.4267811681990251,0
N_63,12.85,74.89,0.0,1.0,1.0,1.1467806157216212,3.3687912668711957,0.0,0.3333333333333333,0.01,0.11467806157216212,0.6737582533742391,0.3333333333333333,0.8020657262314047,0.41535640748063846,0
N_64,12.85,74.9,0.0,1.0,8.0,1.0618499796898437,4.190266154778065,0.0,0.3333333333333333,0.08,0.10618499796898437,0.838053230955613,0.3333333333333333,0.8606963183551032,0.4938851430500833,0
N_65,12.85,74.91,0.0,1.0,6.0,1.813994645021623,4.789611214609284,0.0,0.3333333333333333,0.06,0.18139946450216232,0.9579222429218568,0.3333333333333333,0.5224675014640402,0.3068667943473351,0
N_66,12.86,74.81,0.0,1.0,0.0,2.077847453846745,0.856818380674819,0.0,0.3333333333333333,0.0,0.20778474538467448,0.17136367613496378,0.3333333333333333,0.45916898276492873,0.2930693208714274,0
N_67,12.86,74.82,0.0,1.0,4.0,1.0626018626889506,0.7356416034680754,0.0,0.3333333333333333,0.04,0.10626018626889507,0.1471283206936151,0.3333333333333333,0.8601396850398354,0.5742661950872449,1
N_68,12.86,74.83,0.0,1.0,3.0,0.22651681955914166,0.376308941181955,0.0,0.3333333333333333,0.03,0.022651681955914167,0.075261788236391,0.3333333333333333,3.062629365771067,0.995588364085418,1
N_69,12.86,74.84,0.0,1.0,24.0,1.0073385660844711,0.9024466248478807,0.0,0.3333333333333333,0.24,0.10073385660844711,0.18048932496957615,0.3333333333333333,0.9030661720163704,0.4810906066050538,0
N_70,12.86,74.85,0.0,1.0,17.0,1.4898220445528245,0.4486167441357719,0.0,0.3333333333333333,0.17,0.14898220445528246,0.08972334882715438,0.3333333333333333,0.6290012164734285,0.19590954861837173,0
N_71,12.86,74.86,0.0,1.0,33.0,0.8744424181050482,0.7533787182603212,0.0,0.3333333333333333,0.33,0.08744424181050482,0.15067574365206424,0.3333333333333333,1.0262279036914796,0.4885773284994298,0
N_72,12.86,74.87,0.0,1.0,13.0,0.9559937216336049,1.2655874849298736,0.0,0.3333333333333333,0.13,0.09559937216336048,0.25311749698597474,0.3333333333333333,0.9469753271383248,0.3131616400436903,0
N_73,12.86,74.88,0.0,1.0,27.0,1.0753948590654396,1.8166017208125698,0.0,0.3333333333333333,0.27,0.10753948590654397,0.36332034416251396,0.3333333333333333,0.8507779256369244,0.658229570513185,1
N_74,12.86,74.89,0.0,1.0,48.0,1.936315042709655,2.70970235166677,0.0,0.3333333333333333,0.48,0.19363150427096548,0.541940470333354,0.3333333333333333,0.4910831472665124,0.1850823923976361,0
N_75,12.86,74.9,0.0,1.0,12.0,2.120622395559436,3.2458051890949484,0.0,0.3333333333333333,0.12,0.21206223955594358,0.6491610378189897,0.3333333333333333,0.4503241982966998,0.308918213509112,0
N_76,12.86,74.91,0.0,1.0,7.0,2.526327179653768,3.9896217805274072,0.0,0.3333333333333333,0.07,0.2526327179653768,0.7979243561054814,0.3333333333333333,0.3807598717124921,0.6710957902723147,1
N_77,12.87,74.81,0.0,1.0,0.0,2.588988012782292,1.9684188756546595,0.0,0.3333333333333333,0.0,0.25889880127822923,0.3936837751309319,0.3333333333333333,0.3718871171036948,0.4558123564462758,0
N_78,12.87,74.82,0.0,1.0,21.0,1.7689424052594438,1.2320422753499571,0.0,0.3333333333333333,0.21,0.17689424052594438,0.24640845506999143,0.3333333333333333,0.5350619672312381,0.5074345286500789,0
N_79,12.87,74.83,0.0,1.0,6.0,1.319944225714116,1.0575367339862636,0.0,0.3333333333333333,0.06,0.1319944225714116,0.21150734679725272,0.3333333333333333,0.7042530135274021,0.5310722280630951,0
N_80,12.87,74.84,0.0,1.0,30.0,1.6448816007611644,0.015529065796257126,0.0,0.3333333333333333,0.3,0.16448816007611644,0.0031058131592514252,0.3333333333333333,0.5731047880634268,0.5783487037316547,1
N_81,12.87,74.85,0.0,1.0,57.0,2.319339256655691,0.1863485904008591,0.0,0.3333333333333333,0.57,0.2319339256655691,0.03726971808017182,0.3333333333333333,0.41333599545783556,0.31306158555096897,0
N_82,12.87,74.86,0.0,1.0,36.0,1.536014873474128,0.36718988900419713,0.0,0.3333333333333333,0.36,0.1536014873474128,0.07343797780083942,0.3333333333333333,0.611241386746362,0.18613622012158484,0
N_83,12.87,74.87,0.0,1.0,22.0,0.5016812581551789,0.2732738604548262,0.0,0.3333333333333333,0.22,0.0501681258155179,0.05465477209096524,0.3333333333333333,1.662009554803336,0.6965647079516147,1
N_84,12.87,74.88,0.0,1.0,52.0,0.7030110405139961,1.3292093253172454,0.0,0.3333333333333333,0.52,0.07030110405139961,0.2658418650634491,0.3333333333333333,1.2453128905424689,0.4224559180923549,0
N_85,12.87,74.89,0.0,1.0,27.0,1.7569755280222594,1.7185660066703812,0.0,0.3333333333333333,0.27,0.17569755280222593,0.34371320133407623,0.3333333333333333,0.5385100583770391,0.487318300688135,0
N_86,12.87,74.9,0.0,1.0,15.0,2.6067787587683156,2.4464330093173303,0.0,0.3333333333333333,0.15,0.26067787587683156,0.48928660186346606,0.3333333333333333,0.36944282821808344,0.5365060376223717,0
N_87,12.87,74.91,0.0,1.0,4.0,1.6737852134049325,3.3714463473067258,0.0,0.3333333333333333,0.04,0.16737852134049325,0.6742892694613452,0.3333333333333333,0.5637661157860339,0.38164344195608957,0
N_88,12.88,74.81,0.0,1.0,0.0,3.3211368245339536,2.7779929463006936,0.0,0.3333333333333333,0.0,0.33211368245339534,0.5555985892601387,0.3333333333333333,0.29230049871981534,0.1347279255815727,0
N_89,12.88,74.82,0.0,1.0,13.0,2.7005383095579147,2.2288001479114916,0.0,0.3333333333333333,0.13,0.2700538309557915,0.4457600295822983,0.3333333333333333,0.3570742084074034,0.3609957034073596,0
N_90,12.88,74.83,0.0,1.0,17.0,2.430238257980603,1.5525737707761464,0.0,0.3333333333333333,0.17,0.24302382579806028,0.3105147541552293,0.3333333333333333,0.3952196979260386,0.4869886544556231,0
N_91,12.88,74.84,0.0,1.0,11.0,2.620954462950984,1.0097780373264864,0.0,0.3333333333333333,0.11,0.2620954462950984,0.20195560746529728,0.3333333333333333,0.36751809470396646,0.42585408564936544,1
N_92,12.88,74.85,0.0,1.0,27.0,2.9372704850135327,0.13387347661436041,0.0,0.3333333333333333,0.27,0.2937270485013533,0.026774695322872084,0.3333333333333333,0.32924298475693525,0.12521852373050385,0
N_93,12.88,74.86,0.0,1.0,48.0,2.042028416824906,0.17855198309663536,0.0,0.3333333333333333,0.48,0.2042028416824906,0.035710396619327074,0.3333333333333333,0.46684721460524964,0.5657696018341747,1
N_94,12.88,74.87,0.0,1.0,52.0,1.4360732962859266,0.21120377329040116,0.0,0.3333333333333333,0.52,0.14360732962859266,0.042240754658080235,0.3333333333333333,0.6510106011333581,0.36639693405279217,0
N_95,12.88,74.88,0.0,1.0,79.0,1.5181690541172683,0.44130260912424507,0.0,0.3333333333333333,0.79,0.15181690541172682,0.08826052182484902,0.3333333333333333,0.617982402676408,0.08737403966213117,0
N_96,12.88,74.89,0.0,1.0,46.0,2.2130233501876297,0.9360745114805933,0.0,0.3333333333333333,0.46,0.22130233501876298,0.18721490229611865,0.3333333333333333,0.4323345892374503,0.21998019947910102,0
N_97,12.88,74.9,0.0,1.0,63.0,2.3847906383894193,1.976785238321005,0.0,0.3333333333333333,0.63,0.23847906383894193,0.395357047664201,0.3333333333333333,0.4024483932570575,0.13894449242430396,0
N_98,12.88,74.91,0.0,1.0,92.0,1.3014020018962658,3.047799394717208,0.0,0.3333333333333333,0.92,0.13014020018962658,0.6095598789434417,0.3333333333333333,0.7135711228090722,0.17018303179479438,1
N_99,12.89,74.81,0.0,1.0,0.0,4.203143222848787,3.6931855300081713,0.0,0.3333333333333333,0.0,0.42031432228487875,0.7386371060016342,0.3333333333333333,0.23238826788060643,0.7300040788523847,1
N_100,12.89,74.82,0.0,1.0,2.0,3.7322271371921327,3.1053959433763447,0.0,0.3333333333333333,0.02,0.3732227137192133,0.6210791886752689,0.3333333333333333,0.26094486683602436,0.4742611142299031,0
N_101,12.89,74.83,0.0,1.0,25.0,3.541571058755438,2.3883833217790333,0.0,0.3333333333333333,0.25,0.35415710587554383,0.4776766643558067,0.3333333333333333,0.2746067518291858,0.1765368256406076,0
N_102,12.89,74.84,0.0,1.0,40.0,3.6750552969639205,1.4683495792205152,0.0,0.3333333333333333,0.4,0.36750552969639205,0.29366991584410307,0.3333333333333333,0.26489678198998773,0.3058350152727287,0
N_103,12.89,74.85,0.0,1.0,41.0,3.593157479060506,0.711098126224992,0.0,0.3333333333333333,0.41,0.3593157479060506,0.1422196252449984,0.3333333333333333,0.2707710152274329,0.12830736936608822,0
N_104,12.89,74.86,0.0,1.0,74.0,2.907452616027598,0.2869244181505875,0.0,0.3333333333333333,0.74,0.2907452616027598,0.0573848836301175,0.3333333333333333,0.33250731688030805,0.07690892680105667,0
N_105,12.89,74.87,0.0,1.0,79.0,2.519085405135729,0.36710331807748475,0.0,0.3333333333333333,0.79,0.2519085405135729,0.07342066361549696,0.3333333333333333,0.3818126732481169,0.2368003138774007,0
N_106,12.89,74.88,0.0,1.0,71.0,2.566770804783611,0.768377445610002,0.0,0.3333333333333333,0.71,0.2566770804783611,0.1536754891220004,0.3333333333333333,0.37498535614917333,0.10946516545181108,0
N_107,12.89,74.89,0.0,1.0,98.0,3.0299907544156506,1.127769564321712,0.0,0.3333333333333333,0.98,0.30299907544156507,0.2255539128643424,0.3333333333333333,0.3194897616196613,0.24133930821226596,0
N_108,12.89,74.9,0.0,1.0,79.0,2.655563877522862,2.0744125803839264,0.0,0.3333333333333333,0.79,0.2655563877522862,0.4148825160767853,0.3333333333333333,0.36290212981705894,0.3090958233905089,0
N_109,12.89,74.91,0.0,1.0,115.0,1.7488852759508313,3.111972683792563,0.0,0.3333333333333333,1.0,0.17488852759508314,0.6223945367585126,0.3333333333333333,0.5408664415296007,0.06364102797488272,0
N_110,12.9,74.81,0.0,1.0,0.0,5.174527836848747,4.658213768582788,0.0,0.3333333333333333,0.0,0.5174527836848747,0.9316427537165575,0.3333333333333333,0.18959042987958663,0.4518776184628706,0
N_111,12.9,74.82,0.0,1.0,1.0,4.7998952029948905,3.8748816553617633,0.0,0.3333333333333333,0.01,0.47998952029948905,0.7749763310723526,0.3333333333333333,0.20408599746965708,0.4923947217056259,0
N_112,12.9,74.83,0.0,1.0,37.0,4.653198413992089,3.0193932042033635,0.0,0.3333333333333333,0.37,0.4653198413992089,0.6038786408406727,0.3333333333333333,0.21038465321714306,0.16276699488589685,0
N_113,12.9,74.84,0.0,1.0,37.0,4.755578082332386,2.2468261431112255,0.0,0.3333333333333333,0.37,0.4755578082332386,0.4493652286222451,0.3333333333333333,0.20594870127588355,0.3316644451926272,0
N_114,12.9,74.85,0.0,1.0,56.0,4.434733998982612,1.4855311821933739,0.0,0.3333333333333333,0.56,0.4434733998982612,0.2971062364386748,0.3333333333333333,0.22052010111824744,0.25345161392624393,0
N_115,12.9,74.86,0.0,1.0,72.0,3.899941495651987,0.8660241210243997,0.0,0.3333333333333333,0.72,0.38999414956519873,0.17320482420487995,0.3333333333333333,0.2500036565752322,0.23121634439624944,0
N_116,12.9,74.87,0.0,1.0,46.0,3.6196876084780762,1.281748154928329,0.0,0.3333333333333333,0.46,0.3619687608478076,0.25634963098566577,0.3333333333333333,0.2688397804484322,0.4038060985297568,1
N_117,12.9,74.88,0.0,1.0,80.0,3.6530329570527775,1.8271869970249326,0.0,0.3333333333333333,0.8,0.36530329570527775,0.36543739940498654,0.3333333333333333,0.26645116401676655,0.04153035033253977,0
N_118,12.9,74.89,0.0,1.0,70.0,3.992126986478969,2.0347862828275383,0.0,0.3333333333333333,0.7,0.3992126986478969,0.40695725656550763,0.3333333333333333,0.24437169308385523,0.27020758354686997,0
N_119,12.9,74.9,0.0,1.0,100.0,3.299950734954776,2.6779763805364536,0.0,0.3333333333333333,1.0,0.32999507349547763,0.5355952761072907,0.3333333333333333,0.2941219088026878,0.46845860437624565,0
N_120,12.9,74.91,0.0,1.0,112.0,2.626102540706776,3.5429548367803476,0.0,0.3333333333333333,1.0,0.2626102540706776,0.7085909673560695,0.3333333333333333,0.36682405928162093,0.45433410265645446,1
N_121,12.91,74.81,0.0,1.0,0.0,6.193377588594528,5.398807974958733,0.0,0.3333333333333333,0.0,0.6193377588594527,1.0,0.3333333333333333,0.15889718770605749,0.5059185969206839,0
N_122,12.91,74.82,0.0,1.0,11.0,5.8839893635025105,4.571618401573658,0.0,0.3333333333333333,0.11,0.5883989363502511,0.9143236803147315,0.3333333333333333,0.16711259650613525,0.24680371196062328,0
N_123,12.91,74.83,0.0,1.0,21.0,5.764949933680827,3.796459010888169,0.0,0.3333333333333333,0.21,0.5764949933680827,0.7592918021776338,0.3333333333333333,0.17050443930599807,0.3765242735833475,0
N_124,12.91,74.84,0.0,1.0,30.0,5.847895064133449,3.025494632302371,0.0,0.3333333333333333,0.3,0.5847895064133449,0.6050989264604743,0.3333333333333333,0.16812670519863826,0.43166072072458384,0
N_125,12.91,74.85,0.0,1.0,35.0,5.375482566183584,2.312418464479594,0.0,0.3333333333333333,0.35,0.5375482566183585,0.4624836928959188,0.3333333333333333,0.18263230462570915,0.016148664378050348,0
N_126,12.91,74.86,0.0,1.0,79.0,4.943548211589375,1.9724432251943258,0.0,0.3333333333333333,0.79,0.49435482115893753,0.39448864503886516,0.3333333333333333,0.19827311211225038,0.12150912979240719,0
N_127,12.91,74.87,0.0,1.0,87.0,4.725605551261308,1.9949453788649203,0.0,0.3333333333333333,0.87,0.4725605551261308,0.39898907577298404,0.3333333333333333,0.20722787832060202,0.25593446041247236,0
N_128,12.91,74.88,0.0,1.0,40.0,4.751194538213792,1.4164698464046048,0.0,0.3333333333333333,0.4,0.47511945382137916,0.283293969280921,0.3333333333333333,0.2061347967233241,0.20598584555472615,0
N_129,12.91,74.89,0.0,1.0,97.0,4.852113479806463,1.5434624696320396,0.0,0.3333333333333333,0.97,0.4852113479806463,0.3086924939264079,0.3333333333333333,0.20193398315239774,0.0,0
N_130,12.91,74.9,0.0,1.0,98.0,4.147311469557448,2.157751026807782,0.0,0.3333333333333333,0.98,0.4147311469557448,0.4315502053615564,0.3333333333333333,0.235443057841999,0.1639325662742886,0
N_131,12.91,74.91,0.0,1.0,34.0,3.6341562580806195,3.0353797863833396,0.0,0.3333333333333333,0.34,0.36341562580806197,0.607075957276668,0.3333333333333333,0.2677981131175283,0.3237980221895778,0
N_132,12.92,74.81,0.0,1.0,10.0,7.239680643062018,6.124103759603919,0.0,0.3333333333333333,0.1,0.7239680643062018,1.0,0.3333333333333333,0.13624570994724006,0.535013602444723,1
N_133,12.92,74.82,0.0,1.0,9.0,6.976856743106121,5.347896632928296,0.0,0.3333333333333333,0.09,0.6976856743106121,1.0,0.3333333333333333,0.14130567232043298,0.5403767451851679,1
N_134,12.92,74.83,0.0,1.0,10.0,6.876765397904625,4.5088601254843335,0.0,0.3333333333333333,0.1,0.6876765397904625,0.9017720250968667,0.3333333333333333,0.14333289754881773,0.27768695184623277,0
N_135,12.92,74.84,0.0,1.0,5.0,6.885079288359197,3.538234631384885,0.0,0.3333333333333333,0.05,0.6885079288359197,0.707646926276977,0.3333333333333333,0.1431622976229524,0.5620273520353686,1
N_136,12.92,74.85,0.0,1.0,18.0,6.371626338868476,2.6565911032859795,0.0,0.3333333333333333,0.18,0.6371626338868477,0.5313182206571959,0.3333333333333333,0.1545206641480546,0.20647675658220066,0
N_137,12.92,74.86,0.0,1.0,41.0,6.011709945335559,1.9861861920536459,0.0,0.3333333333333333,0.41,0.6011709945335559,0.39723723841072917,0.3333333333333333,0.16362033030759215,0.29300358825512246,0
N_138,12.92,74.87,0.0,1.0,72.0,5.833816898720231,1.4746298271554443,0.0,0.3333333333333333,0.72,0.5833816898720231,0.29492596543108884,0.3333333333333333,0.1685255910433761,0.41252330253077935,0
N_139,12.92,74.88,0.0,1.0,40.0,5.854563316610892,0.4485441789594912,0.0,0.3333333333333333,0.4,0.5854563316610892,0.08970883579189824,0.3333333333333333,0.16793842752673283,0.19013384200457617,0
N_140,12.92,74.89,0.0,1.0,47.0,5.685607391064465,0.6085511714648858,0.0,0.3333333333333333,0.47,0.5685607391064466,0.12171023429297716,0.3333333333333333,0.17284269954861473,0.240901471353965,0
N_141,12.92,74.9,0.0,1.0,94.0,5.097408383167551,1.605798127068281,0.0,0.3333333333333333,0.94,0.5097408383167551,0.3211596254136562,0.3333333333333333,0.19240358391667348,0.29596045447116925,1
N_142,12.92,74.91,0.0,1.0,64.0,4.689416932834769,2.671337893281436,0.0,0.3333333333333333,0.64,0.4689416932834769,0.5342675786562872,0.3333333333333333,0.20879368282688185,0.10025760587795864,0
N_143,12.93,74.81,0.0,1.0,6.0,8.303064970852096,6.347371993407391,0.0,0.3333333333333333,0.06,0.8303064970852096,1.0,0.3333333333333333,0.1190041970957886,0.5961518871981739,1
N_144,12.93,74.82,0.0,1.0,0.0,8.074936006667807,5.270744015442947,0.0,0.3333333333333333,0.0,0.8074936006667807,1.0,0.3333333333333333,0.122325116573923,0.08047863772560404,1
N_145,12.93,74.83,0.0,1.0,0.0,7.9886181082773415,4.197778805133092,0.0,0.3333333333333333,0.0,0.7988618108277341,0.8395557610266184,0.3333333333333333,0.12363051223504644,0.4482491263763967,0
N_146,12.93,74.84,0.0,1.0,4.0,7.847210725121657,3.13224272681911,0.0,0.3333333333333333,0.04,0.7847210725121657,0.626448545363822,0.3333333333333333,0.12583031136181327,0.22912445197378706,1
N_147,12.93,74.85,0.0,1.0,28.0,7.40083061488312,2.0855539544411807,0.0,0.3333333333333333,0.28,0.740083061488312,0.41711079088823616,0.3333333333333333,0.1333185684817097,0.342869484988135,0
N_148,12.93,74.86,0.0,1.0,47.0,7.093342393337896,1.112258646491011,0.0,0.3333333333333333,0.47,0.7093342393337896,0.22245172929820217,0.3333333333333333,0.13901743380464535,0.4866107448461354,0
N_149,12.93,74.87,0.0,1.0,30.0,6.943223583323405,0.6882561324672267,0.0,0.3333333333333333,0.3,0.6943223583323406,0.13765122649344536,0.3333333333333333,0.14198044235990895,0.2876855804693699,0
N_150,12.93,74.88,0.0,1.0,13.0,6.960663477720806,0.932126211799503,0.0,0.3333333333333333,0.13,0.6960663477720807,0.1864252423599006,0.3333333333333333,0.14162974954908936,0.5731069537672229,1
N_151,12.93,74.89,0.0,1.0,75.0,6.601675521243188,0.8752047733606463,0.0,0.3333333333333333,0.75,0.6601675521243189,0.17504095467212927,0.3333333333333333,0.1492164156307132,0.3291442040315593,0
N_152,12.93,74.9,0.0,1.0,103.0,6.102443301737654,1.7245718451074927,0.0,0.3333333333333333,1.0,0.6102443301737653,0.3449143690214985,0.3333333333333333,0.16122678617954375,0.3993147007486232,0
N_153,12.93,74.91,0.0,1.0,22.0,5.766024014842579,2.7443440077480634,0.0,0.3333333333333333,0.22,0.5766024014842579,0.5488688015496127,0.3333333333333333,0.17047321958957853,0.03892959805288615,0
