latitude,longitude,elevation_m,slope_deg,aspect_deg,flood_risk_zone,source,resolution_m
12.82,74.81,0.0,11.34,7.8,HIGH,Open-Elevation_SRTM_Real,150
12.82,74.81135,0.0,3.31,18.3,HIGH,Open-Elevation_SRTM_Real,150
12.82,74.8127,0.0,5.07,210.1,HIGH,Open-Elevation_SRTM_Real,150
12.82,74.81405,0.0,1.16,312.3,HIGH,Open-Elevation_SRTM_Real,150
12.82,74.8154,0.0,8.46,310.9,HIGH,Open-Elevation_SRTM_Real,150
12.82,74.81675,0.0,13.22,349.4,HIGH,Open-Elevation_SRTM_Real,150
12.82,74.8181,0.0,7.25,256.8,HIGH,Open-Elevation_SRTM_Real,150
12.82,74.81945,0.0,4.94,307.5,HIGH,Open-Elevation_SRTM_Real,150
12.82,74.8208,0.0,9.57,60.4,HIGH,Open-Elevation_SRTM_Real,150
12.82,74.82215,0.0,5.65,102.2,HIGH,Open-Elevation_SRTM_Real,150
12.82,74.8235,0.0,10.47,78.3,HIGH,Open-Elevation_SRTM_Real,150
12.82,74.82485,0.0,15.6,261.6,HIGH,Open-Elevation_SRTM_Real,150
12.82,74.8262,0.0,12.29,235.0,HIGH,Open-Elevation_SRTM_Real,150
12.82,74.82755,0.0,7.91,147.7,HIGH,Open-Elevation_SRTM_Real,150
12.82,74.8289,0.0,18.7,176.4,HIGH,Open-Elevation_SRTM_Real,150
12.82,74.83025,0.0,17.63,309.2,HIGH,Open-Elevation_SRTM_Real,150
12.82,74.8316,0.0,15.1,163.6,HIGH,Open-Elevation_SRTM_Real,150
12.82,74.83295,0.0,6.73,295.2,HIGH,Open-Elevation_SRTM_Real,150
12.82,74.8343,0.0,5.16,212.6,HIGH,Open-Elevation_SRTM_Real,150
12.82,74.83565,0.0,20.1,118.0,HIGH,Open-Elevation_SRTM_Real,150
12.82,74.837,0.0,15.44,87.9,HIGH,Open-Elevation_SRTM_Real,150
12.82135,74.81,0.0,8.27,15.7,HIGH,Open-Elevation_SRTM_Real,150
12.82135,74.81135,0.0,6.37,110.5,HIGH,Open-Elevation_SRTM_Real,150
12.82135,74.8127,0.0,1.01,322.8,HIGH,Open-Elevation_SRTM_Real,150
12.82135,74.81405,0.0,15.17,266.7,HIGH,Open-Elevation_SRTM_Real,150
12.82135,74.8154,0.0,15.48,10.0,HIGH,Open-Elevation_SRTM_Real,150
12.82135,74.81675,0.0,15.52,15.0,HIGH,Open-Elevation_SRTM_Real,150
12.82135,74.8181,0.0,8.52,209.8,HIGH,Open-Elevation_SRTM_Real,150
12.82135,74.81945,0.0,15.17,352.4,HIGH,Open-Elevation_SRTM_Real,150
12.82135,74.8208,0.0,12.31,330.6,HIGH,Open-Elevation_SRTM_Real,150
12.82135,74.82215,0.0,1.65,65.8,HIGH,Open-Elevation_SRTM_Real,150
12.82135,74.8235,0.0,10.31,244.2,HIGH,Open-Elevation_SRTM_Real,150
12.82135,74.82485,0.0,17.33,271.3,HIGH,Open-Elevation_SRTM_Real,150
12.82135,74.8262,0.0,11.36,254.2,HIGH,Open-Elevation_SRTM_Real,150
12.82135,74.82755,0.0,14.19,16.3,HIGH,Open-Elevation_SRTM_Real,150
12.82135,74.8289,0.0,0.76,124.0,HIGH,Open-Elevation_SRTM_Real,150
12.82135,74.83025,0.0,18.25,105.6,HIGH,Open-Elevation_SRTM_Real,150
12.82135,74.8316,0.0,6.6,317.7,HIGH,Open-Elevation_SRTM_Real,150
12.82135,74.83295,0.0,17.48,121.0,HIGH,Open-Elevation_SRTM_Real,150
12.82135,74.8343,0.0,0.11,210.7,HIGH,Open-Elevation_SRTM_Real,150
12.82135,74.8883,2.0,26.69,157.3,HIGH,Open-Elevation_SRTM_Real,150
12.8227,74.81,0.0,11.51,90.9,HIGH,Open-Elevation_SRTM_Real,150
12.8227,74.81135,0.0,5.66,350.5,HIGH,Open-Elevation_SRTM_Real,150
12.8227,74.8127,0.0,3.84,189.7,HIGH,Open-Elevation_SRTM_Real,150
12.8227,74.81405,0.0,3.21,316.4,HIGH,Open-Elevation_SRTM_Real,150
12.8227,74.8154,0.0,14.02,63.6,HIGH,Open-Elevation_SRTM_Real,150
12.8227,74.81675,0.0,10.24,268.4,HIGH,Open-Elevation_SRTM_Real,150
12.8227,74.8181,0.0,5.69,284.5,HIGH,Open-Elevation_SRTM_Real,150
12.8227,74.81945,0.0,0.32,198.7,HIGH,Open-Elevation_SRTM_Real,150
12.8227,74.8208,0.0,7.14,315.6,HIGH,Open-Elevation_SRTM_Real,150
12.8227,74.82215,0.0,18.66,50.2,HIGH,Open-Elevation_SRTM_Real,150
12.8227,74.8235,0.0,9.54,260.0,HIGH,Open-Elevation_SRTM_Real,150
12.8227,74.82485,0.0,11.13,212.9,HIGH,Open-Elevation_SRTM_Real,150
12.8227,74.8262,0.0,6.82,335.3,HIGH,Open-Elevation_SRTM_Real,150
12.8227,74.82755,0.0,12.73,299.6,HIGH,Open-Elevation_SRTM_Real,150
12.8227,74.8289,0.0,11.51,99.1,HIGH,Open-Elevation_SRTM_Real,150
12.8227,74.83025,0.0,14.9,90.5,HIGH,Open-Elevation_SRTM_Real,150
12.8227,74.8316,0.0,1.17,284.5,HIGH,Open-Elevation_SRTM_Real,150
12.8227,74.83295,0.0,4.73,19.6,HIGH,Open-Elevation_SRTM_Real,150
12.8227,74.8343,0.0,11.85,223.9,HIGH,Open-Elevation_SRTM_Real,150
12.8227,74.8883,2.0,9.49,27.2,HIGH,Open-Elevation_SRTM_Real,150
12.82405,74.81,0.0,11.54,118.6,HIGH,Open-Elevation_SRTM_Real,150
12.82405,74.81135,0.0,7.2,80.8,HIGH,Open-Elevation_SRTM_Real,150
12.82405,74.8127,0.0,4.61,67.7,HIGH,Open-Elevation_SRTM_Real,150
12.82405,74.81405,0.0,0.75,358.6,HIGH,Open-Elevation_SRTM_Real,150
12.82405,74.8154,0.0,4.56,71.7,HIGH,Open-Elevation_SRTM_Real,150
12.82405,74.81675,0.0,12.01,261.2,HIGH,Open-Elevation_SRTM_Real,150
12.82405,74.8181,0.0,2.7,185.1,HIGH,Open-Elevation_SRTM_Real,150
12.82405,74.81945,0.0,8.54,149.0,HIGH,Open-Elevation_SRTM_Real,150
12.82405,74.8208,0.0,17.22,42.3,HIGH,Open-Elevation_SRTM_Real,150
12.82405,74.82215,0.0,15.66,98.7,HIGH,Open-Elevation_SRTM_Real,150
12.82405,74.8235,0.0,7.03,200.6,HIGH,Open-Elevation_SRTM_Real,150
12.82405,74.82485,0.0,1.71,233.1,HIGH,Open-Elevation_SRTM_Real,150
12.82405,74.8262,0.0,17.7,317.6,HIGH,Open-Elevation_SRTM_Real,150
12.82405,74.82755,0.0,16.69,74.8,HIGH,Open-Elevation_SRTM_Real,150
12.82405,74.8289,0.0,7.99,94.8,HIGH,Open-Elevation_SRTM_Real,150
12.82405,74.83025,0.0,6.34,287.9,HIGH,Open-Elevation_SRTM_Real,150
12.82405,74.8316,0.0,9.25,243.9,HIGH,Open-Elevation_SRTM_Real,150
12.82405,74.83295,0.0,7.71,114.4,HIGH,Open-Elevation_SRTM_Real,150
12.82405,74.8343,0.0,3.76,169.5,HIGH,Open-Elevation_SRTM_Real,150
12.82405,74.8856,4.0,30.43,319.1,HIGH,Open-Elevation_SRTM_Real,150
12.82405,74.88695,4.0,16.01,259.9,HIGH,Open-Elevation_SRTM_Real,150
12.82405,74.8883,2.0,8.25,159.3,HIGH,Open-Elevation_SRTM_Real,150
12.82405,74.88965,4.0,28.06,263.0,HIGH,Open-Elevation_SRTM_Real,150
12.82405,74.891,4.0,11.24,261.8,HIGH,Open-Elevation_SRTM_Real,150
12.8254,74.81,0.0,14.04,155.7,HIGH,Open-Elevation_SRTM_Real,150
12.8254,74.81135,0.0,5.41,141.2,HIGH,Open-Elevation_SRTM_Real,150
12.8254,74.8127,0.0,7.03,354.1,HIGH,Open-Elevation_SRTM_Real,150
12.8254,74.81405,0.0,1.69,182.0,HIGH,Open-Elevation_SRTM_Real,150
12.8254,74.8154,0.0,1.07,15.0,HIGH,Open-Elevation_SRTM_Real,150
12.8254,74.81675,0.0,8.78,322.3,HIGH,Open-Elevation_SRTM_Real,150
12.8254,74.8181,0.0,0.52,144.6,HIGH,Open-Elevation_SRTM_Real,150
12.8254,74.81945,0.0,14.74,78.6,HIGH,Open-Elevation_SRTM_Real,150
12.8254,74.8208,0.0,15.33,55.1,HIGH,Open-Elevation_SRTM_Real,150
12.8254,74.82215,0.0,16.79,191.5,HIGH,Open-Elevation_SRTM_Real,150
12.8254,74.8235,0.0,14.94,66.3,HIGH,Open-Elevation_SRTM_Real,150
12.8254,74.82485,0.0,3.08,321.9,HIGH,Open-Elevation_SRTM_Real,150
12.8254,74.8262,0.0,9.86,158.8,HIGH,Open-Elevation_SRTM_Real,150
12.8254,74.82755,0.0,19.89,191.2,HIGH,Open-Elevation_SRTM_Real,150
12.8254,74.8289,0.0,2.63,136.0,HIGH,Open-Elevation_SRTM_Real,150
12.8254,74.83025,0.0,15.36,35.3,HIGH,Open-Elevation_SRTM_Real,150
12.8254,74.8316,0.0,17.37,170.0,HIGH,Open-Elevation_SRTM_Real,150
12.8254,74.83295,0.0,20.38,196.7,HIGH,Open-Elevation_SRTM_Real,150
12.8254,74.8343,0.0,17.37,61.2,HIGH,Open-Elevation_SRTM_Real,150
12.8254,74.8883,1.0,29.13,225.7,HIGH,Open-Elevation_SRTM_Real,150
12.82675,74.81,0.0,1.09,223.6,HIGH,Open-Elevation_SRTM_Real,150
12.82675,74.81135,0.0,11.96,343.7,HIGH,Open-Elevation_SRTM_Real,150
12.82675,74.8127,0.0,16.08,334.7,HIGH,Open-Elevation_SRTM_Real,150
12.82675,74.81405,0.0,10.25,100.2,HIGH,Open-Elevation_SRTM_Real,150
12.82675,74.8154,0.0,7.29,81.6,HIGH,Open-Elevation_SRTM_Real,150
12.82675,74.81675,0.0,14.97,103.6,HIGH,Open-Elevation_SRTM_Real,150
12.82675,74.8181,0.0,3.31,56.9,HIGH,Open-Elevation_SRTM_Real,150
12.82675,74.81945,0.0,5.74,30.6,HIGH,Open-Elevation_SRTM_Real,150
12.82675,74.8208,0.0,13.93,182.7,HIGH,Open-Elevation_SRTM_Real,150
12.82675,74.82215,0.0,3.25,39.6,HIGH,Open-Elevation_SRTM_Real,150
12.82675,74.8235,0.0,13.43,69.9,HIGH,Open-Elevation_SRTM_Real,150
12.82675,74.82485,0.0,14.79,90.0,HIGH,Open-Elevation_SRTM_Real,150
12.82675,74.8262,0.0,5.19,179.8,HIGH,Open-Elevation_SRTM_Real,150
12.82675,74.82755,0.0,11.65,170.1,HIGH,Open-Elevation_SRTM_Real,150
12.82675,74.8289,0.0,8.53,45.5,HIGH,Open-Elevation_SRTM_Real,150
12.82675,74.83025,0.0,1.04,55.3,HIGH,Open-Elevation_SRTM_Real,150
12.82675,74.8316,0.0,7.0,67.3,HIGH,Open-Elevation_SRTM_Real,150
12.82675,74.83295,0.0,11.2,344.9,HIGH,Open-Elevation_SRTM_Real,150
12.82675,74.8343,0.0,14.25,11.7,HIGH,Open-Elevation_SRTM_Real,150
12.82675,74.8883,1.0,23.18,223.3,HIGH,Open-Elevation_SRTM_Real,150
12.8281,74.81,0.0,0.28,30.9,HIGH,Open-Elevation_SRTM_Real,150
12.8281,74.81135,0.0,7.14,312.5,HIGH,Open-Elevation_SRTM_Real,150
12.8281,74.8127,0.0,1.29,105.5,HIGH,Open-Elevation_SRTM_Real,150
12.8281,74.81405,0.0,16.54,236.9,HIGH,Open-Elevation_SRTM_Real,150
12.8281,74.8154,0.0,11.5,26.8,HIGH,Open-Elevation_SRTM_Real,150
12.8281,74.81675,0.0,15.37,264.1,HIGH,Open-Elevation_SRTM_Real,150
12.8281,74.8181,0.0,17.31,73.8,HIGH,Open-Elevation_SRTM_Real,150
12.8281,74.81945,0.0,6.66,101.5,HIGH,Open-Elevation_SRTM_Real,150
12.8281,74.8208,0.0,13.08,214.5,HIGH,Open-Elevation_SRTM_Real,150
12.8281,74.82215,0.0,6.53,73.4,HIGH,Open-Elevation_SRTM_Real,150
12.8281,74.8235,0.0,12.59,346.7,HIGH,Open-Elevation_SRTM_Real,150
12.8281,74.82485,0.0,8.03,64.4,HIGH,Open-Elevation_SRTM_Real,150
12.8281,74.8262,0.0,19.7,331.5,HIGH,Open-Elevation_SRTM_Real,150
12.8281,74.82755,0.0,10.94,256.7,HIGH,Open-Elevation_SRTM_Real,150
12.8281,74.8289,0.0,17.04,49.1,HIGH,Open-Elevation_SRTM_Real,150
12.8281,74.83025,0.0,12.34,196.1,HIGH,Open-Elevation_SRTM_Real,150
12.8281,74.8316,0.0,15.17,325.5,HIGH,Open-Elevation_SRTM_Real,150
12.8281,74.83295,0.0,20.87,2.3,HIGH,Open-Elevation_SRTM_Real,150
12.8281,74.8343,0.0,22.12,266.2,HIGH,Open-Elevation_SRTM_Real,150
12.8281,74.8856,3.0,35.26,251.6,HIGH,Open-Elevation_SRTM_Real,150
12.8281,74.88695,3.0,4.05,52.8,HIGH,Open-Elevation_SRTM_Real,150
12.8281,74.8883,4.0,16.65,192.6,HIGH,Open-Elevation_SRTM_Real,150
12.82945,74.81,0.0,1.23,31.9,HIGH,Open-Elevation_SRTM_Real,150
12.82945,74.81135,0.0,7.03,20.3,HIGH,Open-Elevation_SRTM_Real,150
12.82945,74.8127,0.0,2.21,292.0,HIGH,Open-Elevation_SRTM_Real,150
12.82945,74.81405,0.0,0.23,213.6,HIGH,Open-Elevation_SRTM_Real,150
12.82945,74.8154,0.0,3.33,36.7,HIGH,Open-Elevation_SRTM_Real,150
12.82945,74.81675,0.0,14.44,185.5,HIGH,Open-Elevation_SRTM_Real,150
12.82945,74.8181,0.0,11.21,39.9,HIGH,Open-Elevation_SRTM_Real,150
12.82945,74.81945,0.0,10.77,309.8,HIGH,Open-Elevation_SRTM_Real,150
12.82945,74.8208,0.0,17.81,91.7,HIGH,Open-Elevation_SRTM_Real,150
12.82945,74.82215,0.0,1.26,281.0,HIGH,Open-Elevation_SRTM_Real,150
12.82945,74.8235,0.0,6.37,286.8,HIGH,Open-Elevation_SRTM_Real,150
12.82945,74.82485,0.0,4.81,74.8,HIGH,Open-Elevation_SRTM_Real,150
12.82945,74.8262,0.0,8.81,261.8,HIGH,Open-Elevation_SRTM_Real,150
12.82945,74.82755,0.0,1.48,169.4,HIGH,Open-Elevation_SRTM_Real,150
12.82945,74.8289,0.0,8.97,222.3,HIGH,Open-Elevation_SRTM_Real,150
12.82945,74.83025,0.0,7.85,247.4,HIGH,Open-Elevation_SRTM_Real,150
12.82945,74.8316,0.0,18.16,314.9,HIGH,Open-Elevation_SRTM_Real,150
12.82945,74.83295,0.0,0.56,104.5,HIGH,Open-Elevation_SRTM_Real,150
12.82945,74.8883,2.0,5.95,31.9,HIGH,Open-Elevation_SRTM_Real,150
12.8308,74.81,0.0,7.05,115.2,HIGH,Open-Elevation_SRTM_Real,150
12.8308,74.81135,0.0,3.56,309.1,HIGH,Open-Elevation_SRTM_Real,150
12.8308,74.8127,0.0,2.79,321.1,HIGH,Open-Elevation_SRTM_Real,150
12.8308,74.81405,0.0,1.77,57.4,HIGH,Open-Elevation_SRTM_Real,150
12.8308,74.8154,0.0,14.18,40.0,HIGH,Open-Elevation_SRTM_Real,150
12.8308,74.81675,0.0,8.88,48.5,HIGH,Open-Elevation_SRTM_Real,150
12.8308,74.8181,0.0,2.53,129.9,HIGH,Open-Elevation_SRTM_Real,150
12.8308,74.81945,0.0,3.46,312.0,HIGH,Open-Elevation_SRTM_Real,150
12.8308,74.8208,0.0,3.58,118.1,HIGH,Open-Elevation_SRTM_Real,150
12.8308,74.82215,0.0,12.43,180.7,HIGH,Open-Elevation_SRTM_Real,150
12.8308,74.8235,0.0,15.9,239.3,HIGH,Open-Elevation_SRTM_Real,150
12.8308,74.82485,0.0,18.81,255.7,HIGH,Open-Elevation_SRTM_Real,150
12.8308,74.8262,0.0,8.66,258.5,HIGH,Open-Elevation_SRTM_Real,150
12.8308,74.82755,0.0,9.61,289.4,HIGH,Open-Elevation_SRTM_Real,150
12.8308,74.8289,0.0,19.82,97.8,HIGH,Open-Elevation_SRTM_Real,150
12.8308,74.83025,0.0,11.35,227.6,HIGH,Open-Elevation_SRTM_Real,150
12.8308,74.8316,0.0,1.36,344.9,HIGH,Open-Elevation_SRTM_Real,150
12.8308,74.83295,0.0,19.55,267.1,HIGH,Open-Elevation_SRTM_Real,150
12.8308,74.8883,2.0,30.83,308.1,HIGH,Open-Elevation_SRTM_Real,150
12.83215,74.81,0.0,2.85,90.6,HIGH,Open-Elevation_SRTM_Real,150
12.83215,74.81135,0.0,5.4,355.8,HIGH,Open-Elevation_SRTM_Real,150
12.83215,74.8127,0.0,4.6,27.7,HIGH,Open-Elevation_SRTM_Real,150
12.83215,74.81405,0.0,12.73,269.4,HIGH,Open-Elevation_SRTM_Real,150
12.83215,74.8154,0.0,13.76,335.4,HIGH,Open-Elevation_SRTM_Real,150
12.83215,74.81675,0.0,5.8,218.9,HIGH,Open-Elevation_SRTM_Real,150
12.83215,74.8181,0.0,0.67,53.6,HIGH,Open-Elevation_SRTM_Real,150
12.83215,74.81945,0.0,6.51,103.5,HIGH,Open-Elevation_SRTM_Real,150
12.83215,74.8208,0.0,9.48,155.9,HIGH,Open-Elevation_SRTM_Real,150
12.83215,74.82215,0.0,4.12,212.8,HIGH,Open-Elevation_SRTM_Real,150
12.83215,74.8235,0.0,7.98,353.5,HIGH,Open-Elevation_SRTM_Real,150
12.83215,74.82485,0.0,18.73,40.5,HIGH,Open-Elevation_SRTM_Real,150
12.83215,74.8262,0.0,14.95,175.3,HIGH,Open-Elevation_SRTM_Real,150
12.83215,74.82755,0.0,7.86,186.9,HIGH,Open-Elevation_SRTM_Real,150
12.83215,74.8289,0.0,9.64,225.8,HIGH,Open-Elevation_SRTM_Real,150
12.83215,74.83025,0.0,17.37,177.9,HIGH,Open-Elevation_SRTM_Real,150
12.83215,74.8316,0.0,18.26,138.0,HIGH,Open-Elevation_SRTM_Real,150
12.83215,74.83295,0.0,16.51,193.1,HIGH,Open-Elevation_SRTM_Real,150
12.83215,74.8424,3.0,17.2,215.8,HIGH,Open-Elevation_SRTM_Real,150
12.83215,74.8721,4.0,5.26,44.5,HIGH,Open-Elevation_SRTM_Real,150
12.83215,74.87345,-2.0,5.09,23.6,HIGH,Open-Elevation_SRTM_Real,150
12.83215,74.8748,-2.0,19.3,220.0,HIGH,Open-Elevation_SRTM_Real,150
12.83215,74.8856,2.0,34.38,144.7,HIGH,Open-Elevation_SRTM_Real,150
12.83215,74.88695,2.0,19.65,87.5,HIGH,Open-Elevation_SRTM_Real,150
12.83215,74.8883,2.0,13.06,134.5,HIGH,Open-Elevation_SRTM_Real,150
12.83215,74.89235,3.0,11.66,105.3,HIGH,Open-Elevation_SRTM_Real,150
12.83215,74.8937,3.0,36.47,27.8,HIGH,Open-Elevation_SRTM_Real,150
12.8335,74.81,0.0,8.3,269.1,HIGH,Open-Elevation_SRTM_Real,150
12.8335,74.81135,0.0,7.29,266.9,HIGH,Open-Elevation_SRTM_Real,150
12.8335,74.8127,0.0,11.15,157.4,HIGH,Open-Elevation_SRTM_Real,150
12.8335,74.81405,0.0,2.26,19.5,HIGH,Open-Elevation_SRTM_Real,150
12.8335,74.8154,0.0,9.22,194.6,HIGH,Open-Elevation_SRTM_Real,150
12.8335,74.81675,0.0,6.34,32.3,HIGH,Open-Elevation_SRTM_Real,150
12.8335,74.8181,0.0,0.01,79.6,HIGH,Open-Elevation_SRTM_Real,150
12.8335,74.81945,0.0,3.7,23.4,HIGH,Open-Elevation_SRTM_Real,150
12.8335,74.8208,0.0,11.41,23.9,HIGH,Open-Elevation_SRTM_Real,150
12.8335,74.82215,0.0,1.03,205.6,HIGH,Open-Elevation_SRTM_Real,150
12.8335,74.8235,0.0,13.16,100.9,HIGH,Open-Elevation_SRTM_Real,150
12.8335,74.82485,0.0,2.4,228.8,HIGH,Open-Elevation_SRTM_Real,150
12.8335,74.8262,0.0,1.41,238.6,HIGH,Open-Elevation_SRTM_Real,150
12.8335,74.82755,0.0,17.58,33.6,HIGH,Open-Elevation_SRTM_Real,150
12.8335,74.8289,0.0,6.02,167.2,HIGH,Open-Elevation_SRTM_Real,150
12.8335,74.83025,0.0,3.26,86.0,HIGH,Open-Elevation_SRTM_Real,150
12.8335,74.8316,0.0,17.97,16.5,HIGH,Open-Elevation_SRTM_Real,150
12.8335,74.83295,0.0,9.11,314.8,HIGH,Open-Elevation_SRTM_Real,150
12.8335,74.8343,3.0,20.51,130.8,HIGH,Open-Elevation_SRTM_Real,150
12.8335,74.83565,2.0,17.11,120.0,HIGH,Open-Elevation_SRTM_Real,150
12.8335,74.837,2.0,10.17,82.2,HIGH,Open-Elevation_SRTM_Real,150
12.8335,74.83835,3.0,1.42,63.5,HIGH,Open-Elevation_SRTM_Real,150
12.8335,74.8397,0.0,2.76,63.9,HIGH,Open-Elevation_SRTM_Real,150
12.8335,74.84105,0.0,11.6,214.5,HIGH,Open-Elevation_SRTM_Real,150
12.8335,74.8424,0.0,0.16,281.0,HIGH,Open-Elevation_SRTM_Real,150
12.8335,74.84375,0.0,2.95,216.4,HIGH,Open-Elevation_SRTM_Real,150
12.8335,74.8451,0.0,20.53,251.2,HIGH,Open-Elevation_SRTM_Real,150
12.8335,74.84645,0.0,14.54,57.9,HIGH,Open-Elevation_SRTM_Real,150
12.8335,74.8478,0.0,23.68,314.4,HIGH,Open-Elevation_SRTM_Real,150
12.8335,74.84915,0.0,14.65,187.2,HIGH,Open-Elevation_SRTM_Real,150
12.8335,74.8505,0.0,20.26,308.7,HIGH,Open-Elevation_SRTM_Real,150
12.8335,74.85185,0.0,18.73,96.1,HIGH,Open-Elevation_SRTM_Real,150
12.8335,74.8613,-1.0,5.98,338.1,HIGH,Open-Elevation_SRTM_Real,150
12.8335,74.86265,2.0,11.57,344.4,HIGH,Open-Elevation_SRTM_Real,150
12.8335,74.864,2.0,29.69,15.5,HIGH,Open-Elevation_SRTM_Real,150
12.8335,74.87345,4.0,18.09,86.9,HIGH,Open-Elevation_SRTM_Real,150
12.8335,74.8748,4.0,28.81,324.9,HIGH,Open-Elevation_SRTM_Real,150
12.83485,74.81,0.0,0.47,144.1,HIGH,Open-Elevation_SRTM_Real,150
12.83485,74.81135,0.0,15.23,22.2,HIGH,Open-Elevation_SRTM_Real,150
12.83485,74.8127,0.0,2.37,56.6,HIGH,Open-Elevation_SRTM_Real,150
12.83485,74.81405,0.0,15.49,212.8,HIGH,Open-Elevation_SRTM_Real,150
12.83485,74.8154,0.0,13.01,131.1,HIGH,Open-Elevation_SRTM_Real,150
12.83485,74.81675,0.0,8.62,266.8,HIGH,Open-Elevation_SRTM_Real,150
12.83485,74.8181,0.0,3.95,212.6,HIGH,Open-Elevation_SRTM_Real,150
12.83485,74.81945,0.0,4.91,168.1,HIGH,Open-Elevation_SRTM_Real,150
12.83485,74.8208,0.0,4.05,2.0,HIGH,Open-Elevation_SRTM_Real,150
12.83485,74.82215,0.0,12.57,309.7,HIGH,Open-Elevation_SRTM_Real,150
12.83485,74.8235,0.0,10.09,231.0,HIGH,Open-Elevation_SRTM_Real,150
12.83485,74.82485,0.0,5.66,11.9,HIGH,Open-Elevation_SRTM_Real,150
12.83485,74.8262,0.0,2.53,353.2,HIGH,Open-Elevation_SRTM_Real,150
12.83485,74.82755,0.0,2.15,88.5,HIGH,Open-Elevation_SRTM_Real,150
12.83485,74.8289,0.0,14.12,266.0,HIGH,Open-Elevation_SRTM_Real,150
12.83485,74.83025,0.0,9.58,139.0,HIGH,Open-Elevation_SRTM_Real,150
12.83485,74.8316,0.0,10.06,2.9,HIGH,Open-Elevation_SRTM_Real,150
12.83485,74.83295,0.0,4.49,137.8,HIGH,Open-Elevation_SRTM_Real,150
12.83485,74.8343,3.0,9.47,298.6,HIGH,Open-Elevation_SRTM_Real,150
12.83485,74.83565,2.0,11.62,229.8,HIGH,Open-Elevation_SRTM_Real,150
12.83485,74.837,2.0,22.65,1.5,HIGH,Open-Elevation_SRTM_Real,150
12.83485,74.83835,3.0,2.15,226.3,HIGH,Open-Elevation_SRTM_Real,150
12.83485,74.8397,0.0,14.23,256.3,HIGH,Open-Elevation_SRTM_Real,150
12.83485,74.84105,0.0,12.88,247.2,HIGH,Open-Elevation_SRTM_Real,150
12.83485,74.8424,0.0,19.99,1.7,HIGH,Open-Elevation_SRTM_Real,150
12.83485,74.84375,0.0,5.43,84.6,HIGH,Open-Elevation_SRTM_Real,150
12.83485,74.8451,0.0,11.85,139.2,HIGH,Open-Elevation_SRTM_Real,150
12.83485,74.84645,0.0,21.48,108.1,HIGH,Open-Elevation_SRTM_Real,150
12.83485,74.8478,0.0,4.69,181.6,HIGH,Open-Elevation_SRTM_Real,150
12.83485,74.84915,0.0,10.69,284.7,HIGH,Open-Elevation_SRTM_Real,150
12.83485,74.8505,0.0,25.32,231.4,HIGH,Open-Elevation_SRTM_Real,150
12.83485,74.85185,0.0,25.08,327.5,HIGH,Open-Elevation_SRTM_Real,150
12.83485,74.8613,-1.0,28.23,227.6,HIGH,Open-Elevation_SRTM_Real,150
12.83485,74.86265,2.0,14.54,224.5,HIGH,Open-Elevation_SRTM_Real,150
12.83485,74.864,2.0,14.47,330.8,HIGH,Open-Elevation_SRTM_Real,150
12.83485,74.87345,4.0,2.95,150.7,HIGH,Open-Elevation_SRTM_Real,150
12.83485,74.8748,4.0,34.07,38.6,HIGH,Open-Elevation_SRTM_Real,150
12.8362,74.81,0.0,12.72,260.5,HIGH,Open-Elevation_SRTM_Real,150
12.8362,74.81135,0.0,1.36,72.6,HIGH,Open-Elevation_SRTM_Real,150
12.8362,74.8127,0.0,11.01,342.9,HIGH,Open-Elevation_SRTM_Real,150
12.8362,74.81405,0.0,16.0,247.7,HIGH,Open-Elevation_SRTM_Real,150
12.8362,74.8154,0.0,13.98,40.0,HIGH,Open-Elevation_SRTM_Real,150
12.8362,74.81675,0.0,5.02,168.0,HIGH,Open-Elevation_SRTM_Real,150
12.8362,74.8181,0.0,2.61,257.2,HIGH,Open-Elevation_SRTM_Real,150
12.8362,74.81945,0.0,10.2,0.6,HIGH,Open-Elevation_SRTM_Real,150
12.8362,74.8208,0.0,2.69,286.7,HIGH,Open-Elevation_SRTM_Real,150
12.8362,74.82215,0.0,11.59,197.3,HIGH,Open-Elevation_SRTM_Real,150
12.8362,74.8235,0.0,9.7,155.1,HIGH,Open-Elevation_SRTM_Real,150
12.8362,74.82485,0.0,4.36,197.9,HIGH,Open-Elevation_SRTM_Real,150
12.8362,74.8262,0.0,8.08,321.9,HIGH,Open-Elevation_SRTM_Real,150
12.8362,74.82755,0.0,7.79,91.5,HIGH,Open-Elevation_SRTM_Real,150
12.8362,74.8289,0.0,9.74,98.3,HIGH,Open-Elevation_SRTM_Real,150
12.8362,74.83025,0.0,6.55,204.1,HIGH,Open-Elevation_SRTM_Real,150
12.8362,74.8343,0.0,19.71,208.4,HIGH,Open-Elevation_SRTM_Real,150
12.8362,74.83565,0.0,9.82,137.8,HIGH,Open-Elevation_SRTM_Real,150
12.8362,74.837,0.0,22.7,245.5,HIGH,Open-Elevation_SRTM_Real,150
12.8362,74.83835,0.0,4.63,123.3,HIGH,Open-Elevation_SRTM_Real,150
12.8362,74.8397,0.0,20.88,85.6,HIGH,Open-Elevation_SRTM_Real,150
12.8362,74.84105,0.0,5.25,107.2,HIGH,Open-Elevation_SRTM_Real,150
12.8362,74.8424,0.0,21.75,141.2,HIGH,Open-Elevation_SRTM_Real,150
12.8362,74.84375,0.0,21.93,55.1,HIGH,Open-Elevation_SRTM_Real,150
12.8362,74.8451,0.0,2.65,200.9,HIGH,Open-Elevation_SRTM_Real,150
12.8362,74.84645,0.0,3.76,176.3,HIGH,Open-Elevation_SRTM_Real,150
12.8362,74.8478,0.0,18.6,319.5,HIGH,Open-Elevation_SRTM_Real,150
12.8362,74.84915,0.0,21.92,41.2,HIGH,Open-Elevation_SRTM_Real,150
12.8362,74.8505,0.0,22.85,246.8,HIGH,Open-Elevation_SRTM_Real,150
12.8362,74.85185,0.0,12.07,256.3,HIGH,Open-Elevation_SRTM_Real,150
12.8362,74.8532,0.0,19.71,112.8,HIGH,Open-Elevation_SRTM_Real,150
12.8362,74.85455,0.0,27.37,337.3,HIGH,Open-Elevation_SRTM_Real,150
12.8362,74.8559,0.0,24.21,328.5,HIGH,Open-Elevation_SRTM_Real,150
12.8362,74.85725,3.0,0.08,0.7,HIGH,Open-Elevation_SRTM_Real,150
12.8362,74.8586,2.0,16.36,356.6,HIGH,Open-Elevation_SRTM_Real,150
12.8362,74.85995,2.0,28.55,90.8,HIGH,Open-Elevation_SRTM_Real,150
12.8362,74.86265,1.0,15.13,352.0,HIGH,Open-Elevation_SRTM_Real,150
12.8362,74.864,1.0,8.88,45.7,HIGH,Open-Elevation_SRTM_Real,150
12.8362,74.86535,1.0,30.33,216.8,HIGH,Open-Elevation_SRTM_Real,150
12.8362,74.8667,1.0,4.38,244.3,HIGH,Open-Elevation_SRTM_Real,150
12.8362,74.86805,1.0,7.69,273.7,HIGH,Open-Elevation_SRTM_Real,150
12.8362,74.8694,1.0,4.33,353.3,HIGH,Open-Elevation_SRTM_Real,150
12.8362,74.87075,1.0,20.57,123.1,HIGH,Open-Elevation_SRTM_Real,150
12.8362,74.8721,1.0,3.6,297.1,HIGH,Open-Elevation_SRTM_Real,150
12.8362,74.87345,1.0,4.29,159.7,HIGH,Open-Elevation_SRTM_Real,150
12.8362,74.8748,1.0,31.07,38.9,HIGH,Open-Elevation_SRTM_Real,150
12.8362,74.87615,1.0,2.24,245.7,HIGH,Open-Elevation_SRTM_Real,150
12.8362,74.8775,1.0,5.29,129.9,HIGH,Open-Elevation_SRTM_Real,150
12.8362,74.87885,1.0,13.17,359.0,HIGH,Open-Elevation_SRTM_Real,150
12.8362,74.8802,3.0,5.65,357.3,HIGH,Open-Elevation_SRTM_Real,150
12.83755,74.81,0.0,7.75,261.5,HIGH,Open-Elevation_SRTM_Real,150
12.83755,74.81135,0.0,1.95,53.4,HIGH,Open-Elevation_SRTM_Real,150
12.83755,74.8127,0.0,13.65,88.3,HIGH,Open-Elevation_SRTM_Real,150
12.83755,74.81405,0.0,9.6,319.2,HIGH,Open-Elevation_SRTM_Real,150
12.83755,74.8154,0.0,15.83,167.7,HIGH,Open-Elevation_SRTM_Real,150
12.83755,74.81675,0.0,0.65,172.7,HIGH,Open-Elevation_SRTM_Real,150
12.83755,74.8181,0.0,9.92,250.3,HIGH,Open-Elevation_SRTM_Real,150
12.83755,74.81945,0.0,13.6,161.3,HIGH,Open-Elevation_SRTM_Real,150
12.83755,74.8208,0.0,7.69,199.5,HIGH,Open-Elevation_SRTM_Real,150
12.83755,74.82215,0.0,0.78,72.6,HIGH,Open-Elevation_SRTM_Real,150
12.83755,74.8235,0.0,9.14,202.6,HIGH,Open-Elevation_SRTM_Real,150
12.83755,74.82485,0.0,10.54,249.1,HIGH,Open-Elevation_SRTM_Real,150
12.83755,74.8262,0.0,9.65,248.8,HIGH,Open-Elevation_SRTM_Real,150
12.83755,74.82755,0.0,1.77,188.3,HIGH,Open-Elevation_SRTM_Real,150
12.83755,74.8289,0.0,16.33,230.0,HIGH,Open-Elevation_SRTM_Real,150
12.83755,74.83025,0.0,8.0,348.2,HIGH,Open-Elevation_SRTM_Real,150
12.83755,74.8316,1.0,17.09,314.3,HIGH,Open-Elevation_SRTM_Real,150
12.83755,74.83295,1.0,18.68,278.3,HIGH,Open-Elevation_SRTM_Real,150
12.83755,74.8343,0.0,2.09,346.8,HIGH,Open-Elevation_SRTM_Real,150
12.83755,74.83565,0.0,13.76,259.8,HIGH,Open-Elevation_SRTM_Real,150
12.83755,74.837,0.0,3.99,346.3,HIGH,Open-Elevation_SRTM_Real,150
12.83755,74.83835,0.0,12.38,240.7,HIGH,Open-Elevation_SRTM_Real,150
12.83755,74.8397,0.0,16.64,44.1,HIGH,Open-Elevation_SRTM_Real,150
12.83755,74.84105,0.0,16.23,263.7,HIGH,Open-Elevation_SRTM_Real,150
12.83755,74.8424,0.0,15.62,357.4,HIGH,Open-Elevation_SRTM_Real,150
12.83755,74.84375,0.0,20.8,355.1,HIGH,Open-Elevation_SRTM_Real,150
12.83755,74.8451,0.0,5.75,196.5,HIGH,Open-Elevation_SRTM_Real,150
12.83755,74.84645,0.0,4.5,314.9,HIGH,Open-Elevation_SRTM_Real,150
12.83755,74.8478,0.0,1.69,225.9,HIGH,Open-Elevation_SRTM_Real,150
12.83755,74.84915,0.0,19.11,212.8,HIGH,Open-Elevation_SRTM_Real,150
12.83755,74.8505,0.0,4.41,156.4,HIGH,Open-Elevation_SRTM_Real,150
12.83755,74.85185,0.0,15.3,223.0,HIGH,Open-Elevation_SRTM_Real,150
12.83755,74.8532,0.0,15.38,78.5,HIGH,Open-Elevation_SRTM_Real,150
12.83755,74.85455,0.0,24.92,87.3,HIGH,Open-Elevation_SRTM_Real,150
12.83755,74.8559,0.0,23.62,352.3,HIGH,Open-Elevation_SRTM_Real,150
12.83755,74.85725,0.0,4.68,294.5,HIGH,Open-Elevation_SRTM_Real,150
12.83755,74.8586,0.0,23.39,38.9,HIGH,Open-Elevation_SRTM_Real,150
12.83755,74.85995,0.0,5.67,125.7,HIGH,Open-Elevation_SRTM_Real,150
12.83755,74.8613,1.0,24.84,89.4,HIGH,Open-Elevation_SRTM_Real,150
12.83755,74.86265,1.0,9.55,289.6,HIGH,Open-Elevation_SRTM_Real,150
12.83755,74.864,1.0,21.84,67.0,HIGH,Open-Elevation_SRTM_Real,150
12.83755,74.86535,1.0,13.89,231.2,HIGH,Open-Elevation_SRTM_Real,150
12.83755,74.8667,1.0,13.03,285.5,HIGH,Open-Elevation_SRTM_Real,150
12.83755,74.86805,1.0,19.98,232.6,HIGH,Open-Elevation_SRTM_Real,150
12.83755,74.8694,1.0,1.64,289.9,HIGH,Open-Elevation_SRTM_Real,150
12.83755,74.87075,1.0,6.05,164.5,HIGH,Open-Elevation_SRTM_Real,150
12.83755,74.8721,1.0,32.62,342.6,HIGH,Open-Elevation_SRTM_Real,150
12.83755,74.87345,1.0,25.75,173.5,HIGH,Open-Elevation_SRTM_Real,150
12.83755,74.8748,1.0,6.28,316.8,HIGH,Open-Elevation_SRTM_Real,150
12.83755,74.87615,1.0,16.43,99.5,HIGH,Open-Elevation_SRTM_Real,150
12.83755,74.8775,1.0,19.51,82.1,HIGH,Open-Elevation_SRTM_Real,150
12.83755,74.87885,1.0,12.88,166.9,HIGH,Open-Elevation_SRTM_Real,150
12.83755,74.8802,1.0,2.02,108.4,HIGH,Open-Elevation_SRTM_Real,150
12.83755,74.88155,-1.0,24.9,183.1,HIGH,Open-Elevation_SRTM_Real,150
12.83755,74.8829,-1.0,4.38,87.9,HIGH,Open-Elevation_SRTM_Real,150
12.8389,74.81,0.0,12.65,22.7,HIGH,Open-Elevation_SRTM_Real,150
12.8389,74.81135,0.0,1.22,300.8,HIGH,Open-Elevation_SRTM_Real,150
12.8389,74.8127,0.0,1.95,343.0,HIGH,Open-Elevation_SRTM_Real,150
12.8389,74.81405,0.0,2.18,334.1,HIGH,Open-Elevation_SRTM_Real,150
12.8389,74.8154,0.0,1.23,29.3,HIGH,Open-Elevation_SRTM_Real,150
12.8389,74.81675,0.0,13.72,310.0,HIGH,Open-Elevation_SRTM_Real,150
12.8389,74.8181,0.0,16.93,272.1,HIGH,Open-Elevation_SRTM_Real,150
12.8389,74.81945,0.0,14.08,184.2,HIGH,Open-Elevation_SRTM_Real,150
12.8389,74.8208,0.0,9.99,204.2,HIGH,Open-Elevation_SRTM_Real,150
12.8389,74.82215,0.0,16.55,343.2,HIGH,Open-Elevation_SRTM_Real,150
12.8389,74.8235,0.0,4.5,218.1,HIGH,Open-Elevation_SRTM_Real,150
12.8389,74.82485,0.0,6.53,65.9,HIGH,Open-Elevation_SRTM_Real,150
12.8389,74.8262,0.0,0.53,216.2,HIGH,Open-Elevation_SRTM_Real,150
12.8389,74.82755,0.0,18.52,354.5,HIGH,Open-Elevation_SRTM_Real,150
12.8389,74.8289,0.0,0.34,31.8,HIGH,Open-Elevation_SRTM_Real,150
12.8389,74.83025,0.0,15.26,139.3,HIGH,Open-Elevation_SRTM_Real,150
12.8389,74.8316,1.0,13.58,284.1,HIGH,Open-Elevation_SRTM_Real,150
12.8389,74.83295,1.0,4.44,258.6,HIGH,Open-Elevation_SRTM_Real,150
12.8389,74.8343,0.0,3.46,13.9,HIGH,Open-Elevation_SRTM_Real,150
12.8389,74.83565,0.0,18.73,107.4,HIGH,Open-Elevation_SRTM_Real,150
12.8389,74.837,0.0,1.86,98.5,HIGH,Open-Elevation_SRTM_Real,150
12.8389,74.83835,0.0,8.57,283.3,HIGH,Open-Elevation_SRTM_Real,150
12.8389,74.8397,0.0,18.05,18.1,HIGH,Open-Elevation_SRTM_Real,150
12.8389,74.84105,0.0,8.87,132.2,HIGH,Open-Elevation_SRTM_Real,150
12.8389,74.8424,0.0,13.54,160.2,HIGH,Open-Elevation_SRTM_Real,150
12.8389,74.84375,0.0,14.9,152.5,HIGH,Open-Elevation_SRTM_Real,150
12.8389,74.8451,0.0,1.17,231.5,HIGH,Open-Elevation_SRTM_Real,150
12.8389,74.84645,0.0,16.9,226.8,HIGH,Open-Elevation_SRTM_Real,150
12.8389,74.8478,0.0,21.54,260.8,HIGH,Open-Elevation_SRTM_Real,150
12.8389,74.84915,0.0,5.46,84.4,HIGH,Open-Elevation_SRTM_Real,150
12.8389,74.8505,0.0,13.05,137.7,HIGH,Open-Elevation_SRTM_Real,150
12.8389,74.85185,0.0,15.64,348.7,HIGH,Open-Elevation_SRTM_Real,150
12.8389,74.8532,0.0,19.37,18.4,HIGH,Open-Elevation_SRTM_Real,150
12.8389,74.85455,0.0,16.96,163.4,HIGH,Open-Elevation_SRTM_Real,150
12.8389,74.8559,0.0,24.36,106.2,HIGH,Open-Elevation_SRTM_Real,150
12.8389,74.85725,0.0,4.78,77.8,HIGH,Open-Elevation_SRTM_Real,150
12.8389,74.8586,0.0,15.25,233.4,HIGH,Open-Elevation_SRTM_Real,150
12.8389,74.85995,0.0,26.82,335.3,HIGH,Open-Elevation_SRTM_Real,150
12.8389,74.8613,1.0,13.16,15.7,HIGH,Open-Elevation_SRTM_Real,150
12.8389,74.86265,1.0,25.03,269.1,HIGH,Open-Elevation_SRTM_Real,150
12.8389,74.864,1.0,7.1,157.6,HIGH,Open-Elevation_SRTM_Real,150
12.8389,74.86535,1.0,17.09,333.6,HIGH,Open-Elevation_SRTM_Real,150
12.8389,74.8667,1.0,11.46,188.8,HIGH,Open-Elevation_SRTM_Real,150
12.8389,74.86805,1.0,5.95,248.0,HIGH,Open-Elevation_SRTM_Real,150
12.8389,74.8694,1.0,24.33,198.9,HIGH,Open-Elevation_SRTM_Real,150
12.8389,74.87075,1.0,1.6,117.9,HIGH,Open-Elevation_SRTM_Real,150
12.8389,74.8721,1.0,16.8,336.1,HIGH,Open-Elevation_SRTM_Real,150
12.8389,74.87345,1.0,19.0,130.1,HIGH,Open-Elevation_SRTM_Real,150
12.8389,74.8748,1.0,16.84,12.6,HIGH,Open-Elevation_SRTM_Real,150
12.8389,74.87615,1.0,32.82,187.4,HIGH,Open-Elevation_SRTM_Real,150
12.8389,74.8775,1.0,26.09,197.5,HIGH,Open-Elevation_SRTM_Real,150
12.8389,74.87885,1.0,7.16,168.2,HIGH,Open-Elevation_SRTM_Real,150
12.8389,74.8802,1.0,13.6,139.7,HIGH,Open-Elevation_SRTM_Real,150
12.8389,74.88155,-1.0,25.94,184.4,HIGH,Open-Elevation_SRTM_Real,150
12.8389,74.8829,-1.0,23.92,8.4,HIGH,Open-Elevation_SRTM_Real,150
12.84025,74.81,0.0,7.62,300.0,HIGH,Open-Elevation_SRTM_Real,150
12.84025,74.81135,0.0,10.36,263.4,HIGH,Open-Elevation_SRTM_Real,150
12.84025,74.8127,0.0,0.84,52.1,HIGH,Open-Elevation_SRTM_Real,150
12.84025,74.81405,0.0,9.33,32.1,HIGH,Open-Elevation_SRTM_Real,150
12.84025,74.8154,0.0,15.61,302.3,HIGH,Open-Elevation_SRTM_Real,150
12.84025,74.81675,0.0,12.61,309.0,HIGH,Open-Elevation_SRTM_Real,150
12.84025,74.8181,0.0,2.03,118.2,HIGH,Open-Elevation_SRTM_Real,150
12.84025,74.81945,0.0,7.65,233.5,HIGH,Open-Elevation_SRTM_Real,150
12.84025,74.8208,0.0,5.25,90.9,HIGH,Open-Elevation_SRTM_Real,150
12.84025,74.82215,0.0,8.38,193.9,HIGH,Open-Elevation_SRTM_Real,150
12.84025,74.8235,0.0,13.01,109.5,HIGH,Open-Elevation_SRTM_Real,150
12.84025,74.82485,0.0,2.36,254.0,HIGH,Open-Elevation_SRTM_Real,150
12.84025,74.8262,0.0,2.75,281.8,HIGH,Open-Elevation_SRTM_Real,150
12.84025,74.82755,0.0,18.42,52.3,HIGH,Open-Elevation_SRTM_Real,150
12.84025,74.8289,0.0,14.32,171.8,HIGH,Open-Elevation_SRTM_Real,150
12.84025,74.83025,3.0,4.56,12.1,HIGH,Open-Elevation_SRTM_Real,150
12.84025,74.8316,0.0,18.45,107.7,HIGH,Open-Elevation_SRTM_Real,150
12.84025,74.83295,0.0,21.1,294.1,HIGH,Open-Elevation_SRTM_Real,150
12.84025,74.8343,0.0,17.61,105.3,HIGH,Open-Elevation_SRTM_Real,150
12.84025,74.83565,0.0,4.56,64.7,HIGH,Open-Elevation_SRTM_Real,150
12.84025,74.837,0.0,16.77,169.2,HIGH,Open-Elevation_SRTM_Real,150
12.84025,74.83835,0.0,4.11,92.2,HIGH,Open-Elevation_SRTM_Real,150
12.84025,74.8397,0.0,7.0,229.2,HIGH,Open-Elevation_SRTM_Real,150
12.84025,74.84105,0.0,13.23,266.5,HIGH,Open-Elevation_SRTM_Real,150
12.84025,74.8424,0.0,7.08,215.7,HIGH,Open-Elevation_SRTM_Real,150
12.84025,74.84375,0.0,1.72,333.9,HIGH,Open-Elevation_SRTM_Real,150
12.84025,74.8451,0.0,20.15,291.4,HIGH,Open-Elevation_SRTM_Real,150
12.84025,74.84645,-1.0,22.76,172.8,HIGH,Open-Elevation_SRTM_Real,150
12.84025,74.8478,-1.0,14.18,234.2,HIGH,Open-Elevation_SRTM_Real,150
12.84025,74.8505,-2.0,1.68,275.8,HIGH,Open-Elevation_SRTM_Real,150
12.84025,74.85185,-2.0,16.02,110.0,HIGH,Open-Elevation_SRTM_Real,150
12.84025,74.8532,0.0,22.3,144.2,HIGH,Open-Elevation_SRTM_Real,150
12.84025,74.85455,0.0,15.82,85.1,HIGH,Open-Elevation_SRTM_Real,150
12.84025,74.8559,0.0,12.06,238.2,HIGH,Open-Elevation_SRTM_Real,150
12.84025,74.85725,0.0,20.29,220.6,HIGH,Open-Elevation_SRTM_Real,150
12.84025,74.8586,0.0,12.31,189.5,HIGH,Open-Elevation_SRTM_Real,150
12.84025,74.85995,0.0,11.09,172.1,HIGH,Open-Elevation_SRTM_Real,150
12.84025,74.8613,1.0,16.27,36.3,HIGH,Open-Elevation_SRTM_Real,150
12.84025,74.86265,1.0,3.0,170.0,HIGH,Open-Elevation_SRTM_Real,150
12.84025,74.864,1.0,3.08,130.4,HIGH,Open-Elevation_SRTM_Real,150
12.84025,74.86535,1.0,6.88,345.1,HIGH,Open-Elevation_SRTM_Real,150
12.84025,74.8667,1.0,11.5,13.6,HIGH,Open-Elevation_SRTM_Real,150
12.84025,74.86805,1.0,24.76,287.4,HIGH,Open-Elevation_SRTM_Real,150
12.84025,74.8694,1.0,32.23,115.2,HIGH,Open-Elevation_SRTM_Real,150
12.84025,74.87075,1.0,16.3,232.1,HIGH,Open-Elevation_SRTM_Real,150
12.84025,74.8721,1.0,24.35,291.6,HIGH,Open-Elevation_SRTM_Real,150
12.84025,74.87345,1.0,10.28,35.3,HIGH,Open-Elevation_SRTM_Real,150
12.84025,74.8748,1.0,5.35,105.8,HIGH,Open-Elevation_SRTM_Real,150
12.84025,74.87615,1.0,33.79,66.8,HIGH,Open-Elevation_SRTM_Real,150
12.84025,74.8775,1.0,8.32,71.4,HIGH,Open-Elevation_SRTM_Real,150
12.84025,74.87885,1.0,0.63,172.3,HIGH,Open-Elevation_SRTM_Real,150
12.84025,74.8802,1.0,26.01,139.7,HIGH,Open-Elevation_SRTM_Real,150
12.8416,74.81,0.0,10.4,265.4,HIGH,Open-Elevation_SRTM_Real,150
12.8416,74.81135,0.0,11.05,254.3,HIGH,Open-Elevation_SRTM_Real,150
12.8416,74.8127,0.0,10.0,346.4,HIGH,Open-Elevation_SRTM_Real,150
12.8416,74.81405,0.0,8.9,282.8,HIGH,Open-Elevation_SRTM_Real,150
12.8416,74.8154,0.0,9.22,7.5,HIGH,Open-Elevation_SRTM_Real,150
12.8416,74.81675,0.0,5.76,277.6,HIGH,Open-Elevation_SRTM_Real,150
12.8416,74.8181,0.0,9.62,256.8,HIGH,Open-Elevation_SRTM_Real,150
12.8416,74.81945,0.0,1.24,326.1,HIGH,Open-Elevation_SRTM_Real,150
12.8416,74.8208,0.0,11.17,236.0,HIGH,Open-Elevation_SRTM_Real,150
12.8416,74.82215,0.0,10.94,10.7,HIGH,Open-Elevation_SRTM_Real,150
12.8416,74.8235,0.0,3.71,28.5,HIGH,Open-Elevation_SRTM_Real,150
12.8416,74.82485,0.0,5.97,237.1,HIGH,Open-Elevation_SRTM_Real,150
12.8416,74.8262,0.0,13.46,295.7,HIGH,Open-Elevation_SRTM_Real,150
12.8416,74.82755,0.0,17.57,356.2,HIGH,Open-Elevation_SRTM_Real,150
12.8416,74.8289,0.0,1.07,347.8,HIGH,Open-Elevation_SRTM_Real,150
12.8416,74.83025,3.0,17.79,39.7,HIGH,Open-Elevation_SRTM_Real,150
12.8416,74.8316,0.0,12.15,166.9,HIGH,Open-Elevation_SRTM_Real,150
12.8416,74.83295,0.0,10.4,112.6,HIGH,Open-Elevation_SRTM_Real,150
12.8416,74.8343,0.0,15.0,25.1,HIGH,Open-Elevation_SRTM_Real,150
12.8416,74.83565,0.0,9.9,340.4,HIGH,Open-Elevation_SRTM_Real,150
12.8416,74.837,0.0,0.7,120.3,HIGH,Open-Elevation_SRTM_Real,150
12.8416,74.83835,0.0,12.63,19.0,HIGH,Open-Elevation_SRTM_Real,150
12.8416,74.8397,0.0,12.54,269.9,HIGH,Open-Elevation_SRTM_Real,150
12.8416,74.84105,0.0,23.07,138.5,HIGH,Open-Elevation_SRTM_Real,150
12.8416,74.8424,0.0,0.31,126.6,HIGH,Open-Elevation_SRTM_Real,150
12.8416,74.84375,0.0,10.97,208.6,HIGH,Open-Elevation_SRTM_Real,150
12.8416,74.8451,0.0,22.48,218.3,HIGH,Open-Elevation_SRTM_Real,150
12.8416,74.84645,-1.0,24.69,321.2,HIGH,Open-Elevation_SRTM_Real,150
12.8416,74.8478,-1.0,10.32,43.3,HIGH,Open-Elevation_SRTM_Real,150
12.8416,74.8505,-2.0,13.47,253.4,HIGH,Open-Elevation_SRTM_Real,150
12.8416,74.85185,-2.0,17.06,251.8,HIGH,Open-Elevation_SRTM_Real,150
12.8416,74.8532,0.0,13.33,51.5,HIGH,Open-Elevation_SRTM_Real,150
12.8416,74.85455,0.0,12.15,146.9,HIGH,Open-Elevation_SRTM_Real,150
12.8416,74.8559,0.0,6.41,351.9,HIGH,Open-Elevation_SRTM_Real,150
12.8416,74.85725,0.0,9.28,147.7,HIGH,Open-Elevation_SRTM_Real,150
12.8416,74.8586,0.0,28.44,120.9,HIGH,Open-Elevation_SRTM_Real,150
12.8416,74.85995,0.0,24.61,40.0,HIGH,Open-Elevation_SRTM_Real,150
12.8416,74.8613,1.0,17.02,299.2,HIGH,Open-Elevation_SRTM_Real,150
12.8416,74.86265,1.0,13.8,165.0,HIGH,Open-Elevation_SRTM_Real,150
12.8416,74.864,1.0,16.98,68.2,HIGH,Open-Elevation_SRTM_Real,150
12.8416,74.86535,1.0,0.14,156.3,HIGH,Open-Elevation_SRTM_Real,150
12.8416,74.8667,1.0,21.81,151.3,HIGH,Open-Elevation_SRTM_Real,150
12.8416,74.86805,1.0,25.93,162.9,HIGH,Open-Elevation_SRTM_Real,150
12.8416,74.8694,1.0,8.28,111.0,HIGH,Open-Elevation_SRTM_Real,150
12.8416,74.87075,1.0,1.55,127.8,HIGH,Open-Elevation_SRTM_Real,150
12.8416,74.8721,1.0,5.29,124.8,HIGH,Open-Elevation_SRTM_Real,150
12.8416,74.87345,1.0,2.64,229.2,HIGH,Open-Elevation_SRTM_Real,150
12.8416,74.8748,1.0,14.83,325.8,HIGH,Open-Elevation_SRTM_Real,150
12.8416,74.87615,1.0,10.94,287.4,HIGH,Open-Elevation_SRTM_Real,150
12.8416,74.8775,1.0,15.92,69.3,HIGH,Open-Elevation_SRTM_Real,150
12.8416,74.87885,1.0,10.07,290.1,HIGH,Open-Elevation_SRTM_Real,150
12.8416,74.8802,1.0,6.58,253.5,HIGH,Open-Elevation_SRTM_Real,150
12.84295,74.81,0.0,8.28,35.8,HIGH,Open-Elevation_SRTM_Real,150
12.84295,74.81135,0.0,14.65,102.9,HIGH,Open-Elevation_SRTM_Real,150
12.84295,74.8127,0.0,10.97,140.8,HIGH,Open-Elevation_SRTM_Real,150
12.84295,74.81405,0.0,5.52,238.5,HIGH,Open-Elevation_SRTM_Real,150
12.84295,74.8154,0.0,14.39,222.6,HIGH,Open-Elevation_SRTM_Real,150
12.84295,74.81675,0.0,6.78,72.6,HIGH,Open-Elevation_SRTM_Real,150
12.84295,74.8181,0.0,5.73,128.1,HIGH,Open-Elevation_SRTM_Real,150
12.84295,74.81945,0.0,8.97,287.7,HIGH,Open-Elevation_SRTM_Real,150
12.84295,74.8208,0.0,3.4,161.4,HIGH,Open-Elevation_SRTM_Real,150
12.84295,74.82215,0.0,0.08,200.4,HIGH,Open-Elevation_SRTM_Real,150
12.84295,74.8235,0.0,16.17,249.6,HIGH,Open-Elevation_SRTM_Real,150
12.84295,74.82485,0.0,3.9,349.5,HIGH,Open-Elevation_SRTM_Real,150
12.84295,74.8262,0.0,3.45,240.2,HIGH,Open-Elevation_SRTM_Real,150
12.84295,74.82755,0.0,9.11,260.9,HIGH,Open-Elevation_SRTM_Real,150
12.84295,74.8289,0.0,16.34,76.5,HIGH,Open-Elevation_SRTM_Real,150
12.84295,74.83025,-1.0,0.17,117.8,HIGH,Open-Elevation_SRTM_Real,150
12.84295,74.8316,0.0,1.87,87.9,HIGH,Open-Elevation_SRTM_Real,150
12.84295,74.83295,0.0,13.85,97.5,HIGH,Open-Elevation_SRTM_Real,150
12.84295,74.8343,0.0,12.97,281.1,HIGH,Open-Elevation_SRTM_Real,150
12.84295,74.83565,0.0,10.74,312.2,HIGH,Open-Elevation_SRTM_Real,150
12.84295,74.837,0.0,1.33,107.9,HIGH,Open-Elevation_SRTM_Real,150
12.84295,74.83835,0.0,18.48,272.2,HIGH,Open-Elevation_SRTM_Real,150
12.84295,74.8397,0.0,21.59,109.2,HIGH,Open-Elevation_SRTM_Real,150
12.84295,74.84105,0.0,1.17,355.7,HIGH,Open-Elevation_SRTM_Real,150
12.84295,74.85455,2.0,5.48,155.8,HIGH,Open-Elevation_SRTM_Real,150
12.84295,74.8559,2.0,23.38,138.4,HIGH,Open-Elevation_SRTM_Real,150
12.84295,74.86535,3.0,13.97,87.5,HIGH,Open-Elevation_SRTM_Real,150
12.84295,74.8667,3.0,23.17,59.3,HIGH,Open-Elevation_SRTM_Real,150
12.84295,74.86805,3.0,29.54,126.3,HIGH,Open-Elevation_SRTM_Real,150
12.84295,74.8694,0.0,2.98,255.7,HIGH,Open-Elevation_SRTM_Real,150
12.84295,74.87075,0.0,25.21,334.4,HIGH,Open-Elevation_SRTM_Real,150
12.84295,74.8721,1.0,18.1,123.4,HIGH,Open-Elevation_SRTM_Real,150
12.84295,74.87345,1.0,5.52,257.0,HIGH,Open-Elevation_SRTM_Real,150
12.84295,74.8748,1.0,11.98,63.0,HIGH,Open-Elevation_SRTM_Real,150
12.84295,74.87615,1.0,10.37,262.9,HIGH,Open-Elevation_SRTM_Real,150
12.84295,74.8775,1.0,28.73,162.3,HIGH,Open-Elevation_SRTM_Real,150
12.84295,74.87885,1.0,30.74,346.3,HIGH,Open-Elevation_SRTM_Real,150
12.84295,74.8802,1.0,4.1,290.1,HIGH,Open-Elevation_SRTM_Real,150
12.84295,74.88155,1.0,10.08,77.0,HIGH,Open-Elevation_SRTM_Real,150
12.84295,74.8829,1.0,34.5,111.4,HIGH,Open-Elevation_SRTM_Real,150
12.84295,74.8883,-1.0,28.6,149.3,HIGH,Open-Elevation_SRTM_Real,150
12.84295,74.8964,4.0,3.99,9.8,HIGH,Open-Elevation_SRTM_Real,150
12.84295,74.89775,4.0,31.86,315.3,HIGH,Open-Elevation_SRTM_Real,150
12.8443,74.81,0.0,10.07,137.7,HIGH,Open-Elevation_SRTM_Real,150
12.8443,74.81135,0.0,6.74,336.0,HIGH,Open-Elevation_SRTM_Real,150
12.8443,74.8127,0.0,4.63,249.2,HIGH,Open-Elevation_SRTM_Real,150
12.8443,74.81405,0.0,13.12,243.5,HIGH,Open-Elevation_SRTM_Real,150
12.8443,74.8154,0.0,13.94,28.7,HIGH,Open-Elevation_SRTM_Real,150
12.8443,74.81675,0.0,7.43,172.5,HIGH,Open-Elevation_SRTM_Real,150
12.8443,74.8181,0.0,16.13,256.0,HIGH,Open-Elevation_SRTM_Real,150
12.8443,74.81945,0.0,2.92,0.1,HIGH,Open-Elevation_SRTM_Real,150
12.8443,74.8208,0.0,2.0,227.5,HIGH,Open-Elevation_SRTM_Real,150
12.8443,74.82215,0.0,1.34,332.4,HIGH,Open-Elevation_SRTM_Real,150
12.8443,74.8235,0.0,7.03,296.5,HIGH,Open-Elevation_SRTM_Real,150
12.8443,74.82485,0.0,15.38,206.5,HIGH,Open-Elevation_SRTM_Real,150
12.8443,74.8262,0.0,0.43,48.7,HIGH,Open-Elevation_SRTM_Real,150
12.8443,74.82755,0.0,13.98,216.3,HIGH,Open-Elevation_SRTM_Real,150
12.8443,74.8289,0.0,16.78,289.4,HIGH,Open-Elevation_SRTM_Real,150
12.8443,74.83025,0.0,7.98,144.0,HIGH,Open-Elevation_SRTM_Real,150
12.8443,74.8316,0.0,17.31,318.6,HIGH,Open-Elevation_SRTM_Real,150
12.8443,74.83295,0.0,8.7,345.5,HIGH,Open-Elevation_SRTM_Real,150
12.8443,74.8343,0.0,10.9,32.1,HIGH,Open-Elevation_SRTM_Real,150
12.8443,74.83565,0.0,11.31,211.7,HIGH,Open-Elevation_SRTM_Real,150
12.8443,74.837,0.0,20.08,35.4,HIGH,Open-Elevation_SRTM_Real,150
12.8443,74.83835,0.0,14.2,265.3,HIGH,Open-Elevation_SRTM_Real,150
12.8443,74.8667,4.0,8.85,280.1,HIGH,Open-Elevation_SRTM_Real,150
12.8443,74.86805,4.0,3.49,208.6,HIGH,Open-Elevation_SRTM_Real,150
12.8443,74.8721,1.0,1.02,277.3,HIGH,Open-Elevation_SRTM_Real,150
12.8443,74.87345,1.0,15.14,234.9,HIGH,Open-Elevation_SRTM_Real,150
12.8443,74.8748,1.0,29.79,119.3,HIGH,Open-Elevation_SRTM_Real,150
12.8443,74.87615,1.0,9.71,76.1,HIGH,Open-Elevation_SRTM_Real,150
12.8443,74.8775,1.0,4.77,11.9,HIGH,Open-Elevation_SRTM_Real,150
12.8443,74.87885,1.0,15.86,72.9,HIGH,Open-Elevation_SRTM_Real,150
12.8443,74.8802,1.0,22.38,118.6,HIGH,Open-Elevation_SRTM_Real,150
12.8443,74.88155,1.0,14.99,312.4,HIGH,Open-Elevation_SRTM_Real,150
12.8443,74.8829,1.0,20.64,65.1,HIGH,Open-Elevation_SRTM_Real,150
12.8443,74.88425,1.0,32.33,10.7,HIGH,Open-Elevation_SRTM_Real,150
12.8443,74.8856,3.0,28.5,311.6,HIGH,Open-Elevation_SRTM_Real,150
12.8443,74.88695,3.0,22.61,189.3,HIGH,Open-Elevation_SRTM_Real,150
12.8443,74.8883,2.0,20.88,92.8,HIGH,Open-Elevation_SRTM_Real,150
12.8443,74.89235,3.0,1.74,329.5,HIGH,Open-Elevation_SRTM_Real,150
12.8443,74.8937,3.0,22.22,79.1,HIGH,Open-Elevation_SRTM_Real,150
12.84565,74.81,0.0,7.48,328.8,HIGH,Open-Elevation_SRTM_Real,150
12.84565,74.81135,0.0,10.11,280.6,HIGH,Open-Elevation_SRTM_Real,150
12.84565,74.8127,0.0,9.8,229.7,HIGH,Open-Elevation_SRTM_Real,150
12.84565,74.81405,0.0,14.78,332.4,HIGH,Open-Elevation_SRTM_Real,150
12.84565,74.8154,0.0,4.91,333.7,HIGH,Open-Elevation_SRTM_Real,150
12.84565,74.81675,0.0,7.41,243.0,HIGH,Open-Elevation_SRTM_Real,150
12.84565,74.8181,0.0,8.59,263.3,HIGH,Open-Elevation_SRTM_Real,150
12.84565,74.81945,0.0,16.08,239.9,HIGH,Open-Elevation_SRTM_Real,150
12.84565,74.8208,0.0,1.66,142.0,HIGH,Open-Elevation_SRTM_Real,150
12.84565,74.82215,0.0,2.67,247.7,HIGH,Open-Elevation_SRTM_Real,150
12.84565,74.8235,0.0,14.66,280.8,HIGH,Open-Elevation_SRTM_Real,150
12.84565,74.82485,0.0,8.17,212.8,HIGH,Open-Elevation_SRTM_Real,150
12.84565,74.8262,0.0,18.09,51.1,HIGH,Open-Elevation_SRTM_Real,150
12.84565,74.82755,0.0,11.04,171.0,HIGH,Open-Elevation_SRTM_Real,150
12.84565,74.8289,0.0,13.96,349.1,HIGH,Open-Elevation_SRTM_Real,150
12.84565,74.83025,0.0,11.23,228.1,HIGH,Open-Elevation_SRTM_Real,150
12.84565,74.8316,0.0,19.38,251.6,HIGH,Open-Elevation_SRTM_Real,150
12.84565,74.83295,0.0,4.17,237.5,HIGH,Open-Elevation_SRTM_Real,150
12.84565,74.8343,0.0,18.28,302.1,HIGH,Open-Elevation_SRTM_Real,150
12.84565,74.83565,0.0,7.4,226.9,HIGH,Open-Elevation_SRTM_Real,150
12.84565,74.837,0.0,3.79,355.0,HIGH,Open-Elevation_SRTM_Real,150
12.84565,74.83835,0.0,0.2,307.7,HIGH,Open-Elevation_SRTM_Real,150
12.84565,74.8667,4.0,22.41,22.5,HIGH,Open-Elevation_SRTM_Real,150
12.84565,74.86805,4.0,11.4,46.6,HIGH,Open-Elevation_SRTM_Real,150
12.84565,74.8721,1.0,8.53,79.5,HIGH,Open-Elevation_SRTM_Real,150
12.84565,74.87345,1.0,1.51,313.9,HIGH,Open-Elevation_SRTM_Real,150
12.84565,74.8748,1.0,10.32,147.0,HIGH,Open-Elevation_SRTM_Real,150
12.84565,74.87615,1.0,15.28,303.7,HIGH,Open-Elevation_SRTM_Real,150
12.84565,74.8775,1.0,15.57,219.1,HIGH,Open-Elevation_SRTM_Real,150
12.84565,74.87885,1.0,3.89,204.8,HIGH,Open-Elevation_SRTM_Real,150
12.84565,74.8802,1.0,15.09,248.9,HIGH,Open-Elevation_SRTM_Real,150
12.84565,74.88155,1.0,30.86,78.2,HIGH,Open-Elevation_SRTM_Real,150
12.84565,74.8829,1.0,14.92,46.7,HIGH,Open-Elevation_SRTM_Real,150
12.84565,74.88425,1.0,17.0,345.4,HIGH,Open-Elevation_SRTM_Real,150
12.84565,74.8856,3.0,26.38,66.7,HIGH,Open-Elevation_SRTM_Real,150
12.84565,74.88695,3.0,18.6,340.7,HIGH,Open-Elevation_SRTM_Real,150
12.84565,74.8883,2.0,33.41,292.3,HIGH,Open-Elevation_SRTM_Real,150
12.84565,74.89235,3.0,25.47,289.0,HIGH,Open-Elevation_SRTM_Real,150
12.84565,74.8937,3.0,1.28,315.5,HIGH,Open-Elevation_SRTM_Real,150
12.847,74.81,0.0,1.14,169.9,HIGH,Open-Elevation_SRTM_Real,150
12.847,74.81135,0.0,9.13,222.7,HIGH,Open-Elevation_SRTM_Real,150
12.847,74.8127,0.0,3.81,79.1,HIGH,Open-Elevation_SRTM_Real,150
12.847,74.81405,0.0,8.12,284.4,HIGH,Open-Elevation_SRTM_Real,150
12.847,74.8154,0.0,2.08,45.5,HIGH,Open-Elevation_SRTM_Real,150
12.847,74.81675,0.0,6.08,285.0,HIGH,Open-Elevation_SRTM_Real,150
12.847,74.8181,0.0,9.68,133.1,HIGH,Open-Elevation_SRTM_Real,150
12.847,74.81945,0.0,11.87,71.7,HIGH,Open-Elevation_SRTM_Real,150
12.847,74.8208,0.0,4.59,56.8,HIGH,Open-Elevation_SRTM_Real,150
12.847,74.82215,0.0,14.55,258.1,HIGH,Open-Elevation_SRTM_Real,150
12.847,74.8235,1.0,5.89,0.4,HIGH,Open-Elevation_SRTM_Real,150
12.847,74.82485,1.0,0.08,348.1,HIGH,Open-Elevation_SRTM_Real,150
12.847,74.8262,0.0,4.98,135.4,HIGH,Open-Elevation_SRTM_Real,150
12.847,74.82755,0.0,2.06,97.6,HIGH,Open-Elevation_SRTM_Real,150
12.847,74.8289,0.0,15.64,318.7,HIGH,Open-Elevation_SRTM_Real,150
12.847,74.83025,0.0,0.63,119.0,HIGH,Open-Elevation_SRTM_Real,150
12.847,74.8316,0.0,3.97,191.8,HIGH,Open-Elevation_SRTM_Real,150
12.847,74.83295,0.0,10.8,48.1,HIGH,Open-Elevation_SRTM_Real,150
12.847,74.8343,0.0,14.2,118.5,HIGH,Open-Elevation_SRTM_Real,150
12.847,74.83565,-1.0,8.58,57.4,HIGH,Open-Elevation_SRTM_Real,150
12.847,74.837,-1.0,20.92,51.7,HIGH,Open-Elevation_SRTM_Real,150
12.847,74.8802,3.0,20.47,253.7,HIGH,Open-Elevation_SRTM_Real,150
12.847,74.88155,4.0,16.32,63.1,HIGH,Open-Elevation_SRTM_Real,150
12.847,74.8829,4.0,17.67,90.1,HIGH,Open-Elevation_SRTM_Real,150
12.847,74.88425,0.0,0.26,192.0,HIGH,Open-Elevation_SRTM_Real,150
12.847,74.8856,1.0,13.42,56.1,HIGH,Open-Elevation_SRTM_Real,150
12.847,74.88695,1.0,25.56,119.3,HIGH,Open-Elevation_SRTM_Real,150
12.847,74.8883,1.0,1.77,301.6,HIGH,Open-Elevation_SRTM_Real,150
12.847,74.88965,1.0,21.1,291.1,HIGH,Open-Elevation_SRTM_Real,150
12.847,74.891,1.0,29.3,53.4,HIGH,Open-Elevation_SRTM_Real,150
12.847,74.89235,2.0,0.2,32.2,HIGH,Open-Elevation_SRTM_Real,150
12.847,74.8937,2.0,32.91,85.9,HIGH,Open-Elevation_SRTM_Real,150
12.84835,74.81,0.0,10.54,223.0,HIGH,Open-Elevation_SRTM_Real,150
12.84835,74.81135,0.0,7.87,150.6,HIGH,Open-Elevation_SRTM_Real,150
12.84835,74.8127,0.0,5.41,308.5,HIGH,Open-Elevation_SRTM_Real,150
12.84835,74.81405,0.0,5.7,124.7,HIGH,Open-Elevation_SRTM_Real,150
12.84835,74.8154,0.0,8.02,335.6,HIGH,Open-Elevation_SRTM_Real,150
12.84835,74.81675,0.0,4.18,216.9,HIGH,Open-Elevation_SRTM_Real,150
12.84835,74.8181,0.0,7.85,294.5,HIGH,Open-Elevation_SRTM_Real,150
12.84835,74.81945,0.0,4.58,176.2,HIGH,Open-Elevation_SRTM_Real,150
12.84835,74.8208,0.0,3.57,158.9,HIGH,Open-Elevation_SRTM_Real,150
12.84835,74.82215,0.0,4.66,264.2,HIGH,Open-Elevation_SRTM_Real,150
12.84835,74.83025,-1.0,7.59,323.7,HIGH,Open-Elevation_SRTM_Real,150
12.84835,74.8316,0.0,17.76,86.5,HIGH,Open-Elevation_SRTM_Real,150
12.84835,74.83295,0.0,4.98,215.8,HIGH,Open-Elevation_SRTM_Real,150
12.84835,74.88965,1.0,12.93,243.9,HIGH,Open-Elevation_SRTM_Real,150
12.84835,74.891,1.0,4.33,28.3,HIGH,Open-Elevation_SRTM_Real,150
12.84835,74.89235,1.0,4.26,161.1,HIGH,Open-Elevation_SRTM_Real,150
12.84835,74.8937,1.0,33.6,7.8,HIGH,Open-Elevation_SRTM_Real,150
12.84835,74.89505,1.0,30.69,46.6,HIGH,Open-Elevation_SRTM_Real,150
12.8497,74.81,0.0,7.52,189.3,HIGH,Open-Elevation_SRTM_Real,150
12.8497,74.81135,0.0,4.23,297.4,HIGH,Open-Elevation_SRTM_Real,150
12.8497,74.8127,0.0,11.8,329.3,HIGH,Open-Elevation_SRTM_Real,150
12.8497,74.81405,0.0,3.54,224.3,HIGH,Open-Elevation_SRTM_Real,150
12.8497,74.8154,0.0,13.08,259.2,HIGH,Open-Elevation_SRTM_Real,150
12.8497,74.81675,0.0,12.32,296.8,HIGH,Open-Elevation_SRTM_Real,150
12.8497,74.8181,0.0,15.35,322.0,HIGH,Open-Elevation_SRTM_Real,150
12.8497,74.81945,0.0,14.48,280.4,HIGH,Open-Elevation_SRTM_Real,150
12.8497,74.8208,0.0,6.73,77.9,HIGH,Open-Elevation_SRTM_Real,150
12.8497,74.82215,0.0,3.16,2.6,HIGH,Open-Elevation_SRTM_Real,150
12.8497,74.83025,-1.0,10.37,310.7,HIGH,Open-Elevation_SRTM_Real,150
12.8497,74.8316,0.0,3.54,350.7,HIGH,Open-Elevation_SRTM_Real,150
12.8497,74.83295,0.0,4.01,327.9,HIGH,Open-Elevation_SRTM_Real,150
12.8497,74.88965,1.0,15.81,273.9,HIGH,Open-Elevation_SRTM_Real,150
12.8497,74.891,1.0,9.42,349.1,HIGH,Open-Elevation_SRTM_Real,150
12.8497,74.89235,1.0,26.38,122.0,HIGH,Open-Elevation_SRTM_Real,150
12.8497,74.8937,1.0,27.48,139.0,HIGH,Open-Elevation_SRTM_Real,150
12.8497,74.89505,1.0,36.97,15.5,HIGH,Open-Elevation_SRTM_Real,150
12.85105,74.81,0.0,12.61,34.3,HIGH,Open-Elevation_SRTM_Real,150
12.85105,74.81135,0.0,1.97,291.1,HIGH,Open-Elevation_SRTM_Real,150
12.85105,74.8127,0.0,5.64,68.9,HIGH,Open-Elevation_SRTM_Real,150
12.85105,74.81405,0.0,4.42,114.4,HIGH,Open-Elevation_SRTM_Real,150
12.85105,74.8154,0.0,9.44,237.8,HIGH,Open-Elevation_SRTM_Real,150
12.85105,74.81675,0.0,3.26,274.3,HIGH,Open-Elevation_SRTM_Real,150
12.85105,74.8181,0.0,11.78,162.9,HIGH,Open-Elevation_SRTM_Real,150
12.85105,74.81945,0.0,9.08,5.5,HIGH,Open-Elevation_SRTM_Real,150
12.85105,74.8208,0.0,16.22,205.2,HIGH,Open-Elevation_SRTM_Real,150
12.85105,74.82215,0.0,10.92,358.6,HIGH,Open-Elevation_SRTM_Real,150
12.85105,74.83025,0.0,6.42,244.3,HIGH,Open-Elevation_SRTM_Real,150
12.85105,74.8316,-1.0,2.44,70.3,HIGH,Open-Elevation_SRTM_Real,150
12.85105,74.83295,-1.0,6.38,186.2,HIGH,Open-Elevation_SRTM_Real,150
12.85105,74.88965,4.0,17.05,112.4,HIGH,Open-Elevation_SRTM_Real,150
12.85105,74.891,4.0,4.08,107.2,HIGH,Open-Elevation_SRTM_Real,150
12.85105,74.89235,0.0,21.08,282.9,HIGH,Open-Elevation_SRTM_Real,150
12.85105,74.8937,0.0,31.87,192.1,HIGH,Open-Elevation_SRTM_Real,150
12.85105,74.89505,1.0,38.71,346.8,HIGH,Open-Elevation_SRTM_Real,150
12.8524,74.81,0.0,13.71,241.1,HIGH,Open-Elevation_SRTM_Real,150
12.8524,74.81135,0.0,1.15,268.2,HIGH,Open-Elevation_SRTM_Real,150
12.8524,74.8127,0.0,9.58,18.4,HIGH,Open-Elevation_SRTM_Real,150
12.8524,74.81405,0.0,8.26,203.8,HIGH,Open-Elevation_SRTM_Real,150
12.8524,74.8154,0.0,10.52,336.6,HIGH,Open-Elevation_SRTM_Real,150
12.8524,74.81675,0.0,12.77,147.4,HIGH,Open-Elevation_SRTM_Real,150
12.8524,74.8181,0.0,14.4,292.7,HIGH,Open-Elevation_SRTM_Real,150
12.8524,74.81945,0.0,1.45,199.7,HIGH,Open-Elevation_SRTM_Real,150
12.8524,74.8208,0.0,2.08,18.6,HIGH,Open-Elevation_SRTM_Real,150
12.8524,74.83025,1.0,10.27,30.2,HIGH,Open-Elevation_SRTM_Real,150
12.8524,74.8316,1.0,1.65,44.9,HIGH,Open-Elevation_SRTM_Real,150
12.8524,74.83295,1.0,9.77,205.1,HIGH,Open-Elevation_SRTM_Real,150
12.8524,74.89505,1.0,34.96,8.4,HIGH,Open-Elevation_SRTM_Real,150
12.8524,74.8964,1.0,15.34,271.9,HIGH,Open-Elevation_SRTM_Real,150
12.8524,74.89775,1.0,32.66,83.8,HIGH,Open-Elevation_SRTM_Real,150
12.85375,74.81,0.0,5.11,221.6,HIGH,Open-Elevation_SRTM_Real,150
12.85375,74.81135,0.0,6.72,107.7,HIGH,Open-Elevation_SRTM_Real,150
12.85375,74.8127,0.0,5.52,147.4,HIGH,Open-Elevation_SRTM_Real,150
12.85375,74.81405,0.0,0.81,44.4,HIGH,Open-Elevation_SRTM_Real,150
12.85375,74.8154,0.0,3.43,26.4,HIGH,Open-Elevation_SRTM_Real,150
12.85375,74.81675,0.0,12.34,102.1,HIGH,Open-Elevation_SRTM_Real,150
12.85375,74.8181,0.0,13.55,12.2,HIGH,Open-Elevation_SRTM_Real,150
12.85375,74.81945,0.0,2.22,343.4,HIGH,Open-Elevation_SRTM_Real,150
12.85375,74.8208,0.0,7.84,17.9,HIGH,Open-Elevation_SRTM_Real,150
12.85375,74.83025,1.0,18.89,139.1,HIGH,Open-Elevation_SRTM_Real,150
12.85375,74.8316,1.0,17.07,42.4,HIGH,Open-Elevation_SRTM_Real,150
12.85375,74.83295,1.0,2.48,74.2,HIGH,Open-Elevation_SRTM_Real,150
12.85375,74.89505,1.0,16.08,347.5,HIGH,Open-Elevation_SRTM_Real,150
12.85375,74.8964,1.0,25.47,131.2,HIGH,Open-Elevation_SRTM_Real,150
12.85375,74.89775,1.0,34.88,239.9,HIGH,Open-Elevation_SRTM_Real,150
12.8551,74.81,0.0,1.66,235.0,HIGH,Open-Elevation_SRTM_Real,150
12.8551,74.81135,0.0,8.94,213.5,HIGH,Open-Elevation_SRTM_Real,150
12.8551,74.8127,0.0,4.47,233.2,HIGH,Open-Elevation_SRTM_Real,150
12.8551,74.81405,0.0,6.07,26.0,HIGH,Open-Elevation_SRTM_Real,150
12.8551,74.8154,0.0,9.84,24.1,HIGH,Open-Elevation_SRTM_Real,150
12.8551,74.81675,0.0,12.65,279.4,HIGH,Open-Elevation_SRTM_Real,150
12.8551,74.8181,0.0,5.14,108.8,HIGH,Open-Elevation_SRTM_Real,150
12.8551,74.81945,0.0,9.24,61.2,HIGH,Open-Elevation_SRTM_Real,150
12.8551,74.8208,0.0,1.01,204.6,HIGH,Open-Elevation_SRTM_Real,150
12.8551,74.82755,1.0,17.69,170.5,HIGH,Open-Elevation_SRTM_Real,150
12.8551,74.8289,1.0,6.26,296.1,HIGH,Open-Elevation_SRTM_Real,150
12.8551,74.83025,1.0,10.15,175.4,HIGH,Open-Elevation_SRTM_Real,150
12.8551,74.8316,0.0,5.69,347.3,HIGH,Open-Elevation_SRTM_Real,150
12.8551,74.83295,0.0,10.35,272.1,HIGH,Open-Elevation_SRTM_Real,150
12.8551,74.8964,1.0,31.06,183.5,HIGH,Open-Elevation_SRTM_Real,150
12.8551,74.89775,1.0,36.9,117.1,HIGH,Open-Elevation_SRTM_Real,150
12.8551,74.8991,1.0,23.32,209.2,HIGH,Open-Elevation_SRTM_Real,150
12.8551,74.9045,4.0,36.66,178.6,HIGH,Open-Elevation_SRTM_Real,150
12.8551,74.90585,4.0,0.48,301.6,HIGH,Open-Elevation_SRTM_Real,150
12.8551,74.9072,-2.0,17.44,219.8,HIGH,Open-Elevation_SRTM_Real,150
12.85645,74.81,0.0,13.19,153.2,HIGH,Open-Elevation_SRTM_Real,150
12.85645,74.81135,0.0,3.57,198.5,HIGH,Open-Elevation_SRTM_Real,150
12.85645,74.8127,0.0,5.88,283.3,HIGH,Open-Elevation_SRTM_Real,150
12.85645,74.81405,0.0,12.08,150.0,HIGH,Open-Elevation_SRTM_Real,150
12.85645,74.8154,0.0,9.58,123.7,HIGH,Open-Elevation_SRTM_Real,150
12.85645,74.81675,0.0,0.35,69.1,HIGH,Open-Elevation_SRTM_Real,150
12.85645,74.8181,0.0,7.19,252.3,HIGH,Open-Elevation_SRTM_Real,150
12.85645,74.81945,0.0,7.42,190.9,HIGH,Open-Elevation_SRTM_Real,150
12.85645,74.8208,0.0,0.25,300.0,HIGH,Open-Elevation_SRTM_Real,150
12.85645,74.82755,1.0,3.66,301.1,HIGH,Open-Elevation_SRTM_Real,150
12.85645,74.8289,1.0,11.5,256.4,HIGH,Open-Elevation_SRTM_Real,150
12.85645,74.83025,0.0,6.3,60.8,HIGH,Open-Elevation_SRTM_Real,150
12.85645,74.8316,4.0,18.04,222.4,HIGH,Open-Elevation_SRTM_Real,150
12.85645,74.83295,4.0,19.27,179.2,HIGH,Open-Elevation_SRTM_Real,150
12.85645,74.8991,1.0,34.12,16.3,HIGH,Open-Elevation_SRTM_Real,150
12.85645,74.90045,1.0,35.92,189.9,HIGH,Open-Elevation_SRTM_Real,150
12.85645,74.9018,1.0,34.46,37.2,HIGH,Open-Elevation_SRTM_Real,150
12.85645,74.90855,3.0,23.97,275.9,HIGH,Open-Elevation_SRTM_Real,150
12.85645,74.9099,3.0,9.24,196.2,HIGH,Open-Elevation_SRTM_Real,150
12.8578,74.81,0.0,2.35,290.9,HIGH,Open-Elevation_SRTM_Real,150
12.8578,74.81135,0.0,13.91,51.8,HIGH,Open-Elevation_SRTM_Real,150
12.8578,74.8127,0.0,14.24,49.6,HIGH,Open-Elevation_SRTM_Real,150
12.8578,74.81405,0.0,10.69,263.7,HIGH,Open-Elevation_SRTM_Real,150
12.8578,74.8154,0.0,12.55,311.2,HIGH,Open-Elevation_SRTM_Real,150
12.8578,74.81675,0.0,12.08,327.3,HIGH,Open-Elevation_SRTM_Real,150
12.8578,74.8181,0.0,1.84,157.9,HIGH,Open-Elevation_SRTM_Real,150
12.8578,74.81945,0.0,10.1,347.7,HIGH,Open-Elevation_SRTM_Real,150
12.8578,74.8208,0.0,15.32,279.6,HIGH,Open-Elevation_SRTM_Real,150
12.8578,74.82755,1.0,4.72,94.8,HIGH,Open-Elevation_SRTM_Real,150
12.8578,74.8289,1.0,1.97,187.4,HIGH,Open-Elevation_SRTM_Real,150
12.8578,74.83025,0.0,10.16,168.1,HIGH,Open-Elevation_SRTM_Real,150
12.8578,74.8316,4.0,10.5,320.6,HIGH,Open-Elevation_SRTM_Real,150
12.8578,74.83295,4.0,15.48,233.0,HIGH,Open-Elevation_SRTM_Real,150
12.8578,74.8991,1.0,4.23,170.5,HIGH,Open-Elevation_SRTM_Real,150
12.8578,74.90045,1.0,33.93,294.8,HIGH,Open-Elevation_SRTM_Real,150
12.8578,74.9018,1.0,37.54,167.1,HIGH,Open-Elevation_SRTM_Real,150
12.8578,74.90855,3.0,40.12,128.9,HIGH,Open-Elevation_SRTM_Real,150
12.8578,74.9099,3.0,21.03,138.9,HIGH,Open-Elevation_SRTM_Real,150
12.85915,74.81,0.0,7.16,126.9,HIGH,Open-Elevation_SRTM_Real,150
12.85915,74.81135,0.0,4.53,165.5,HIGH,Open-Elevation_SRTM_Real,150
12.85915,74.8127,0.0,7.59,312.3,HIGH,Open-Elevation_SRTM_Real,150
12.85915,74.81405,0.0,11.86,285.3,HIGH,Open-Elevation_SRTM_Real,150
12.85915,74.8154,0.0,14.6,18.8,HIGH,Open-Elevation_SRTM_Real,150
12.85915,74.81675,0.0,0.82,65.3,HIGH,Open-Elevation_SRTM_Real,150
12.85915,74.8181,0.0,0.1,265.4,HIGH,Open-Elevation_SRTM_Real,150
12.85915,74.81945,0.0,3.25,126.7,HIGH,Open-Elevation_SRTM_Real,150
12.85915,74.8208,0.0,2.74,349.3,HIGH,Open-Elevation_SRTM_Real,150
12.85915,74.8262,3.0,1.19,292.7,HIGH,Open-Elevation_SRTM_Real,150
12.85915,74.82755,1.0,5.02,225.8,HIGH,Open-Elevation_SRTM_Real,150
12.85915,74.8289,1.0,13.44,277.3,HIGH,Open-Elevation_SRTM_Real,150
12.85915,74.8316,3.0,11.37,357.2,HIGH,Open-Elevation_SRTM_Real,150
12.85915,74.83295,3.0,1.55,34.8,HIGH,Open-Elevation_SRTM_Real,150
12.85915,74.8991,4.0,30.72,144.5,HIGH,Open-Elevation_SRTM_Real,150
12.85915,74.90045,2.0,8.74,177.6,HIGH,Open-Elevation_SRTM_Real,150
12.85915,74.9018,2.0,5.14,191.8,HIGH,Open-Elevation_SRTM_Real,150
12.85915,74.90315,1.0,29.77,79.9,HIGH,Open-Elevation_SRTM_Real,150
12.8605,74.81,0.0,2.86,15.7,HIGH,Open-Elevation_SRTM_Real,150
12.8605,74.81135,0.0,2.0,338.0,HIGH,Open-Elevation_SRTM_Real,150
12.8605,74.8127,0.0,6.92,232.1,HIGH,Open-Elevation_SRTM_Real,150
12.8605,74.81405,0.0,4.81,56.5,HIGH,Open-Elevation_SRTM_Real,150
12.8605,74.8154,0.0,2.09,278.7,HIGH,Open-Elevation_SRTM_Real,150
12.8605,74.81675,0.0,12.58,114.9,HIGH,Open-Elevation_SRTM_Real,150
12.8605,74.8181,0.0,5.11,32.0,HIGH,Open-Elevation_SRTM_Real,150
12.8605,74.81945,4.0,1.53,176.0,HIGH,Open-Elevation_SRTM_Real,150
12.8605,74.8208,4.0,0.37,243.1,HIGH,Open-Elevation_SRTM_Real,150
12.8605,74.8262,4.0,13.41,142.8,HIGH,Open-Elevation_SRTM_Real,150
12.8605,74.82755,1.0,5.91,207.5,HIGH,Open-Elevation_SRTM_Real,150
12.8605,74.8289,1.0,7.53,327.3,HIGH,Open-Elevation_SRTM_Real,150
12.8605,74.83025,3.0,17.49,18.1,HIGH,Open-Elevation_SRTM_Real,150
12.8605,74.90315,2.0,16.34,52.7,HIGH,Open-Elevation_SRTM_Real,150
12.8605,74.9045,1.0,42.5,154.8,HIGH,Open-Elevation_SRTM_Real,150
12.8605,74.90585,1.0,27.34,221.4,HIGH,Open-Elevation_SRTM_Real,150
12.86185,74.81,0.0,7.49,204.6,HIGH,Open-Elevation_SRTM_Real,150
12.86185,74.81135,0.0,5.91,64.4,HIGH,Open-Elevation_SRTM_Real,150
12.86185,74.8127,0.0,3.62,187.6,HIGH,Open-Elevation_SRTM_Real,150
12.86185,74.81405,0.0,12.75,92.1,HIGH,Open-Elevation_SRTM_Real,150
12.86185,74.8154,0.0,5.62,63.7,HIGH,Open-Elevation_SRTM_Real,150
12.86185,74.81675,0.0,11.78,206.8,HIGH,Open-Elevation_SRTM_Real,150
12.86185,74.8181,0.0,3.16,86.6,HIGH,Open-Elevation_SRTM_Real,150
12.86185,74.81945,4.0,9.34,265.8,HIGH,Open-Elevation_SRTM_Real,150
12.86185,74.8208,4.0,2.2,258.0,HIGH,Open-Elevation_SRTM_Real,150
12.86185,74.8262,4.0,11.51,293.4,HIGH,Open-Elevation_SRTM_Real,150
12.86185,74.82755,1.0,17.55,96.3,HIGH,Open-Elevation_SRTM_Real,150
12.86185,74.8289,1.0,12.17,54.4,HIGH,Open-Elevation_SRTM_Real,150
12.86185,74.83025,3.0,4.8,231.7,HIGH,Open-Elevation_SRTM_Real,150
12.86185,74.90315,2.0,27.82,262.9,HIGH,Open-Elevation_SRTM_Real,150
12.86185,74.9045,1.0,29.39,275.9,HIGH,Open-Elevation_SRTM_Real,150
12.86185,74.90585,1.0,37.17,310.3,HIGH,Open-Elevation_SRTM_Real,150
12.8632,74.81,0.0,5.91,56.5,HIGH,Open-Elevation_SRTM_Real,150
12.8632,74.81135,0.0,3.26,217.6,HIGH,Open-Elevation_SRTM_Real,150
12.8632,74.8127,0.0,3.53,329.7,HIGH,Open-Elevation_SRTM_Real,150
12.8632,74.81405,0.0,10.8,348.5,HIGH,Open-Elevation_SRTM_Real,150
12.8632,74.8154,0.0,5.31,337.1,HIGH,Open-Elevation_SRTM_Real,150
12.8632,74.81675,0.0,2.89,254.9,HIGH,Open-Elevation_SRTM_Real,150
12.8632,74.8181,0.0,10.85,116.6,HIGH,Open-Elevation_SRTM_Real,150
12.8632,74.82755,1.0,10.54,291.4,HIGH,Open-Elevation_SRTM_Real,150
12.8632,74.8289,1.0,10.52,199.0,HIGH,Open-Elevation_SRTM_Real,150
12.8632,74.83025,0.0,5.18,101.8,HIGH,Open-Elevation_SRTM_Real,150
12.8632,74.9045,3.0,11.36,300.3,HIGH,Open-Elevation_SRTM_Real,150
12.8632,74.90585,3.0,2.25,171.5,HIGH,Open-Elevation_SRTM_Real,150
12.8632,74.9072,3.0,10.2,286.4,HIGH,Open-Elevation_SRTM_Real,150
12.8632,74.90855,-2.0,10.44,178.0,HIGH,Open-Elevation_SRTM_Real,150
12.8632,74.9099,-2.0,40.67,308.7,HIGH,Open-Elevation_SRTM_Real,150
12.86455,74.81,0.0,10.29,9.7,HIGH,Open-Elevation_SRTM_Real,150
12.86455,74.81135,0.0,12.26,217.5,HIGH,Open-Elevation_SRTM_Real,150
12.86455,74.8127,0.0,6.89,22.6,HIGH,Open-Elevation_SRTM_Real,150
12.86455,74.81405,0.0,12.97,324.6,HIGH,Open-Elevation_SRTM_Real,150
12.86455,74.8154,0.0,3.87,83.2,HIGH,Open-Elevation_SRTM_Real,150
12.86455,74.81675,0.0,14.12,46.0,HIGH,Open-Elevation_SRTM_Real,150
12.86455,74.8181,0.0,9.56,115.7,HIGH,Open-Elevation_SRTM_Real,150
12.86455,74.82755,1.0,4.15,15.4,HIGH,Open-Elevation_SRTM_Real,150
12.86455,74.8289,1.0,5.68,213.9,HIGH,Open-Elevation_SRTM_Real,150
12.86455,74.83025,0.0,13.11,68.8,HIGH,Open-Elevation_SRTM_Real,150
12.86455,74.9045,3.0,35.68,92.1,HIGH,Open-Elevation_SRTM_Real,150
12.86455,74.90585,3.0,34.75,127.9,HIGH,Open-Elevation_SRTM_Real,150
12.86455,74.9072,3.0,27.2,275.1,HIGH,Open-Elevation_SRTM_Real,150
12.86455,74.90855,-2.0,7.02,341.2,HIGH,Open-Elevation_SRTM_Real,150
12.86455,74.9099,-2.0,37.54,315.6,HIGH,Open-Elevation_SRTM_Real,150
12.8659,74.81,0.0,0.66,182.9,HIGH,Open-Elevation_SRTM_Real,150
12.8659,74.81135,0.0,12.59,150.6,HIGH,Open-Elevation_SRTM_Real,150
12.8659,74.8127,0.0,14.86,216.2,HIGH,Open-Elevation_SRTM_Real,150
12.8659,74.81405,0.0,2.66,277.9,HIGH,Open-Elevation_SRTM_Real,150
12.8659,74.8154,0.0,8.86,142.2,HIGH,Open-Elevation_SRTM_Real,150
12.8659,74.81675,0.0,14.38,128.4,HIGH,Open-Elevation_SRTM_Real,150
12.8659,74.8181,0.0,7.78,62.9,HIGH,Open-Elevation_SRTM_Real,150
12.8659,74.8262,1.0,12.93,335.7,HIGH,Open-Elevation_SRTM_Real,150
12.8659,74.82755,1.0,10.8,150.8,HIGH,Open-Elevation_SRTM_Real,150
12.8659,74.8289,1.0,8.69,163.2,HIGH,Open-Elevation_SRTM_Real,150
12.8659,74.83025,0.0,19.05,291.1,HIGH,Open-Elevation_SRTM_Real,150
12.86725,74.81,0.0,10.31,298.8,HIGH,Open-Elevation_SRTM_Real,150
12.86725,74.81135,0.0,3.82,213.9,HIGH,Open-Elevation_SRTM_Real,150
12.86725,74.8127,0.0,0.31,133.7,HIGH,Open-Elevation_SRTM_Real,150
12.86725,74.81405,0.0,12.44,276.2,HIGH,Open-Elevation_SRTM_Real,150
12.86725,74.8154,0.0,9.71,185.3,HIGH,Open-Elevation_SRTM_Real,150
12.86725,74.81675,0.0,12.62,168.9,HIGH,Open-Elevation_SRTM_Real,150
12.86725,74.8181,0.0,15.48,157.6,HIGH,Open-Elevation_SRTM_Real,150
12.86725,74.8235,1.0,9.1,318.3,HIGH,Open-Elevation_SRTM_Real,150
12.86725,74.82485,1.0,7.21,323.3,HIGH,Open-Elevation_SRTM_Real,150
12.86725,74.8262,1.0,15.29,337.6,HIGH,Open-Elevation_SRTM_Real,150
12.86725,74.82755,0.0,5.12,39.8,HIGH,Open-Elevation_SRTM_Real,150
12.86725,74.8289,0.0,17.86,173.9,HIGH,Open-Elevation_SRTM_Real,150
12.86725,74.83025,2.0,3.34,95.4,HIGH,Open-Elevation_SRTM_Real,150
12.8686,74.81,0.0,4.41,71.2,HIGH,Open-Elevation_SRTM_Real,150
12.8686,74.81135,0.0,0.08,48.8,HIGH,Open-Elevation_SRTM_Real,150
12.8686,74.8127,0.0,13.56,322.3,HIGH,Open-Elevation_SRTM_Real,150
12.8686,74.81405,0.0,4.66,148.3,HIGH,Open-Elevation_SRTM_Real,150
12.8686,74.8154,0.0,9.95,331.4,HIGH,Open-Elevation_SRTM_Real,150
12.8686,74.81675,0.0,13.45,182.9,HIGH,Open-Elevation_SRTM_Real,150
12.8686,74.8181,0.0,12.63,68.8,HIGH,Open-Elevation_SRTM_Real,150
12.8686,74.8235,1.0,10.01,333.9,HIGH,Open-Elevation_SRTM_Real,150
12.8686,74.82485,1.0,3.04,103.9,HIGH,Open-Elevation_SRTM_Real,150
12.8686,74.8262,1.0,10.22,200.6,HIGH,Open-Elevation_SRTM_Real,150
12.8686,74.82755,0.0,4.6,323.5,HIGH,Open-Elevation_SRTM_Real,150
12.8686,74.8289,0.0,12.87,187.7,HIGH,Open-Elevation_SRTM_Real,150
12.8686,74.83025,2.0,13.38,174.5,HIGH,Open-Elevation_SRTM_Real,150
12.86995,74.81,0.0,3.16,296.2,HIGH,Open-Elevation_SRTM_Real,150
12.86995,74.81135,0.0,9.16,270.7,HIGH,Open-Elevation_SRTM_Real,150
12.86995,74.8127,0.0,5.15,157.8,HIGH,Open-Elevation_SRTM_Real,150
12.86995,74.81405,0.0,12.98,77.0,HIGH,Open-Elevation_SRTM_Real,150
12.86995,74.8154,0.0,14.01,64.3,HIGH,Open-Elevation_SRTM_Real,150
12.86995,74.81675,0.0,11.52,303.6,HIGH,Open-Elevation_SRTM_Real,150
12.86995,74.8181,0.0,5.77,99.5,HIGH,Open-Elevation_SRTM_Real,150
12.86995,74.8235,1.0,2.18,0.3,HIGH,Open-Elevation_SRTM_Real,150
12.86995,74.82485,1.0,12.53,141.3,HIGH,Open-Elevation_SRTM_Real,150
12.86995,74.8262,1.0,10.28,209.2,HIGH,Open-Elevation_SRTM_Real,150
12.86995,74.82755,1.0,9.86,268.6,HIGH,Open-Elevation_SRTM_Real,150
12.86995,74.8289,1.0,10.12,80.0,HIGH,Open-Elevation_SRTM_Real,150
12.86995,74.90855,4.0,17.35,316.4,HIGH,Open-Elevation_SRTM_Real,150
12.86995,74.9099,4.0,8.22,301.0,HIGH,Open-Elevation_SRTM_Real,150
12.8713,74.81,0.0,11.39,194.0,HIGH,Open-Elevation_SRTM_Real,150
12.8713,74.81135,0.0,12.75,297.7,HIGH,Open-Elevation_SRTM_Real,150
12.8713,74.8127,0.0,5.96,184.0,HIGH,Open-Elevation_SRTM_Real,150
12.8713,74.81405,0.0,3.85,1.7,HIGH,Open-Elevation_SRTM_Real,150
12.8713,74.8154,0.0,9.98,265.0,HIGH,Open-Elevation_SRTM_Real,150
12.8713,74.81675,0.0,13.15,12.3,HIGH,Open-Elevation_SRTM_Real,150
12.8713,74.8181,0.0,14.03,352.2,HIGH,Open-Elevation_SRTM_Real,150
12.8713,74.8235,3.0,3.77,21.6,HIGH,Open-Elevation_SRTM_Real,150
12.8713,74.82485,3.0,4.88,309.3,HIGH,Open-Elevation_SRTM_Real,150
12.8713,74.8262,1.0,7.0,52.5,HIGH,Open-Elevation_SRTM_Real,150
12.8713,74.82755,1.0,13.99,133.4,HIGH,Open-Elevation_SRTM_Real,150
12.8713,74.8289,1.0,1.71,193.5,HIGH,Open-Elevation_SRTM_Real,150
12.87265,74.81,0.0,6.29,60.5,HIGH,Open-Elevation_SRTM_Real,150
12.87265,74.81135,0.0,11.62,278.2,HIGH,Open-Elevation_SRTM_Real,150
12.87265,74.8127,0.0,13.16,325.9,HIGH,Open-Elevation_SRTM_Real,150
12.87265,74.81405,0.0,3.52,251.0,HIGH,Open-Elevation_SRTM_Real,150
12.87265,74.8154,0.0,13.53,278.7,HIGH,Open-Elevation_SRTM_Real,150
12.87265,74.81675,0.0,11.37,321.2,HIGH,Open-Elevation_SRTM_Real,150
12.87265,74.8181,0.0,12.49,143.1,HIGH,Open-Elevation_SRTM_Real,150
12.87265,74.8235,3.0,15.5,107.2,HIGH,Open-Elevation_SRTM_Real,150
12.87265,74.82485,3.0,1.95,55.5,HIGH,Open-Elevation_SRTM_Real,150
12.87265,74.8262,1.0,4.24,320.7,HIGH,Open-Elevation_SRTM_Real,150
12.87265,74.82755,1.0,3.55,336.0,HIGH,Open-Elevation_SRTM_Real,150
12.87265,74.8289,1.0,10.41,21.9,HIGH,Open-Elevation_SRTM_Real,150
12.874,74.81,0.0,0.07,234.8,HIGH,Open-Elevation_SRTM_Real,150
12.874,74.81135,0.0,14.5,13.2,HIGH,Open-Elevation_SRTM_Real,150
12.874,74.8127,0.0,14.91,205.5,HIGH,Open-Elevation_SRTM_Real,150
12.874,74.81405,0.0,4.72,84.1,HIGH,Open-Elevation_SRTM_Real,150
12.874,74.8154,0.0,12.23,65.3,HIGH,Open-Elevation_SRTM_Real,150
12.874,74.81675,0.0,9.81,70.0,HIGH,Open-Elevation_SRTM_Real,150
12.874,74.8181,0.0,2.64,296.2,HIGH,Open-Elevation_SRTM_Real,150
12.874,74.82215,0.0,15.4,145.7,HIGH,Open-Elevation_SRTM_Real,150
12.874,74.8262,1.0,10.09,234.3,HIGH,Open-Elevation_SRTM_Real,150
12.874,74.82755,0.0,17.07,4.2,HIGH,Open-Elevation_SRTM_Real,150
12.874,74.8289,0.0,9.02,201.5,HIGH,Open-Elevation_SRTM_Real,150
12.87535,74.81,0.0,8.59,243.6,HIGH,Open-Elevation_SRTM_Real,150
12.87535,74.81135,0.0,1.17,329.8,HIGH,Open-Elevation_SRTM_Real,150
12.87535,74.8127,0.0,0.62,234.2,HIGH,Open-Elevation_SRTM_Real,150
12.87535,74.81405,0.0,4.27,195.1,HIGH,Open-Elevation_SRTM_Real,150
12.87535,74.8154,0.0,2.42,319.4,HIGH,Open-Elevation_SRTM_Real,150
12.87535,74.82215,1.0,4.82,123.2,HIGH,Open-Elevation_SRTM_Real,150
12.87535,74.8235,0.0,4.5,163.8,HIGH,Open-Elevation_SRTM_Real,150
12.87535,74.82485,0.0,3.81,276.5,HIGH,Open-Elevation_SRTM_Real,150
12.87535,74.8262,1.0,10.95,252.6,HIGH,Open-Elevation_SRTM_Real,150
12.87535,74.82755,4.0,9.57,252.5,HIGH,Open-Elevation_SRTM_Real,150
12.87535,74.8289,4.0,4.51,88.4,HIGH,Open-Elevation_SRTM_Real,150
12.8767,74.81,0.0,1.6,330.3,HIGH,Open-Elevation_SRTM_Real,150
12.8767,74.81135,0.0,7.98,3.8,HIGH,Open-Elevation_SRTM_Real,150
12.8767,74.8127,0.0,1.67,233.7,HIGH,Open-Elevation_SRTM_Real,150
12.8767,74.81405,0.0,3.95,81.4,HIGH,Open-Elevation_SRTM_Real,150
12.8767,74.8154,0.0,7.63,46.0,HIGH,Open-Elevation_SRTM_Real,150
12.8767,74.82215,1.0,11.73,307.1,HIGH,Open-Elevation_SRTM_Real,150
12.8767,74.8235,0.0,10.65,10.3,HIGH,Open-Elevation_SRTM_Real,150
12.8767,74.82485,0.0,17.78,322.1,HIGH,Open-Elevation_SRTM_Real,150
12.8767,74.8262,1.0,1.26,292.3,HIGH,Open-Elevation_SRTM_Real,150
12.8767,74.82755,4.0,7.69,306.7,HIGH,Open-Elevation_SRTM_Real,150
12.8767,74.8289,4.0,0.61,198.9,HIGH,Open-Elevation_SRTM_Real,150
12.87805,74.81,0.0,10.38,143.3,HIGH,Open-Elevation_SRTM_Real,150
12.87805,74.81135,0.0,9.96,213.0,HIGH,Open-Elevation_SRTM_Real,150
12.87805,74.8127,0.0,11.52,16.3,HIGH,Open-Elevation_SRTM_Real,150
12.87805,74.81405,0.0,3.22,348.5,HIGH,Open-Elevation_SRTM_Real,150
12.87805,74.8154,0.0,9.05,320.4,HIGH,Open-Elevation_SRTM_Real,150
12.87805,74.82215,1.0,14.01,7.5,HIGH,Open-Elevation_SRTM_Real,150
12.87805,74.8235,1.0,17.73,191.1,HIGH,Open-Elevation_SRTM_Real,150
12.87805,74.82485,1.0,15.35,229.8,HIGH,Open-Elevation_SRTM_Real,150
12.87805,74.8262,2.0,10.03,328.3,HIGH,Open-Elevation_SRTM_Real,150
12.8794,74.81,0.0,1.25,123.0,HIGH,Open-Elevation_SRTM_Real,150
12.8794,74.81135,0.0,1.05,349.4,HIGH,Open-Elevation_SRTM_Real,150
12.8794,74.8127,0.0,11.84,228.5,HIGH,Open-Elevation_SRTM_Real,150
12.8794,74.81405,0.0,7.72,119.0,HIGH,Open-Elevation_SRTM_Real,150
12.8794,74.8154,0.0,9.18,68.1,HIGH,Open-Elevation_SRTM_Real,150
12.8794,74.82215,1.0,3.98,242.4,HIGH,Open-Elevation_SRTM_Real,150
12.8794,74.8235,1.0,17.81,136.3,HIGH,Open-Elevation_SRTM_Real,150
12.8794,74.82485,1.0,17.98,16.1,HIGH,Open-Elevation_SRTM_Real,150
12.88075,74.81,0.0,0.91,356.8,HIGH,Open-Elevation_SRTM_Real,150
12.88075,74.81135,0.0,6.74,16.9,HIGH,Open-Elevation_SRTM_Real,150
12.88075,74.8127,0.0,7.2,17.1,HIGH,Open-Elevation_SRTM_Real,150
12.88075,74.81405,0.0,2.46,357.2,HIGH,Open-Elevation_SRTM_Real,150
12.88075,74.8154,0.0,6.8,304.4,HIGH,Open-Elevation_SRTM_Real,150
12.88075,74.82215,1.0,14.6,130.2,HIGH,Open-Elevation_SRTM_Real,150
12.88075,74.8235,1.0,15.58,316.5,HIGH,Open-Elevation_SRTM_Real,150
12.88075,74.82485,1.0,14.83,303.2,HIGH,Open-Elevation_SRTM_Real,150
12.8821,74.81,0.0,4.49,42.2,HIGH,Open-Elevation_SRTM_Real,150
12.8821,74.81135,0.0,5.78,339.2,HIGH,Open-Elevation_SRTM_Real,150
12.8821,74.8127,0.0,1.52,341.0,HIGH,Open-Elevation_SRTM_Real,150
12.8821,74.81405,0.0,9.75,278.3,HIGH,Open-Elevation_SRTM_Real,150
12.8821,74.8154,-2.0,7.62,41.6,HIGH,Open-Elevation_SRTM_Real,150
12.8821,74.81945,1.0,17.13,125.0,HIGH,Open-Elevation_SRTM_Real,150
12.8821,74.8208,1.0,4.31,128.7,HIGH,Open-Elevation_SRTM_Real,150
12.8821,74.82215,1.0,13.19,251.5,HIGH,Open-Elevation_SRTM_Real,150
12.8821,74.8235,-2.0,10.83,148.6,HIGH,Open-Elevation_SRTM_Real,150
12.8821,74.82485,-2.0,15.16,123.2,HIGH,Open-Elevation_SRTM_Real,150
12.88345,74.81,0.0,11.57,24.4,HIGH,Open-Elevation_SRTM_Real,150
12.88345,74.81135,0.0,4.97,102.1,HIGH,Open-Elevation_SRTM_Real,150
12.88345,74.8127,0.0,1.39,194.3,HIGH,Open-Elevation_SRTM_Real,150
12.88345,74.81405,0.0,0.05,234.3,HIGH,Open-Elevation_SRTM_Real,150
12.88345,74.8154,3.0,4.98,102.9,HIGH,Open-Elevation_SRTM_Real,150
12.88345,74.81945,1.0,0.16,208.1,HIGH,Open-Elevation_SRTM_Real,150
12.88345,74.8208,1.0,15.29,116.8,HIGH,Open-Elevation_SRTM_Real,150
12.88345,74.82215,4.0,6.8,245.8,HIGH,Open-Elevation_SRTM_Real,150
12.8848,74.81,0.0,2.26,144.4,HIGH,Open-Elevation_SRTM_Real,150
12.8848,74.81135,0.0,6.44,272.3,HIGH,Open-Elevation_SRTM_Real,150
12.8848,74.8127,0.0,9.47,103.0,HIGH,Open-Elevation_SRTM_Real,150
12.8848,74.81405,0.0,0.74,95.8,HIGH,Open-Elevation_SRTM_Real,150
12.8848,74.8154,3.0,7.05,69.5,HIGH,Open-Elevation_SRTM_Real,150
12.8848,74.81945,1.0,7.16,66.4,HIGH,Open-Elevation_SRTM_Real,150
12.8848,74.8208,1.0,15.37,26.2,HIGH,Open-Elevation_SRTM_Real,150
12.8848,74.82215,4.0,17.19,128.7,HIGH,Open-Elevation_SRTM_Real,150
12.88615,74.81,0.0,5.03,223.6,HIGH,Open-Elevation_SRTM_Real,150
12.88615,74.81135,0.0,15.27,352.1,HIGH,Open-Elevation_SRTM_Real,150
12.88615,74.8127,0.0,12.19,249.5,HIGH,Open-Elevation_SRTM_Real,150
12.88615,74.81405,0.0,13.64,145.0,HIGH,Open-Elevation_SRTM_Real,150
12.88615,74.8154,4.0,1.04,92.5,HIGH,Open-Elevation_SRTM_Real,150
12.88615,74.81945,1.0,16.84,300.4,HIGH,Open-Elevation_SRTM_Real,150
12.88615,74.8208,1.0,1.75,343.7,HIGH,Open-Elevation_SRTM_Real,150
12.8875,74.81,0.0,5.29,303.2,HIGH,Open-Elevation_SRTM_Real,150
12.8875,74.81135,0.0,10.99,233.8,HIGH,Open-Elevation_SRTM_Real,150
12.8875,74.8127,0.0,11.1,66.8,HIGH,Open-Elevation_SRTM_Real,150
12.8875,74.81405,0.0,16.44,255.6,HIGH,Open-Elevation_SRTM_Real,150
12.8875,74.81945,0.0,16.86,131.7,HIGH,Open-Elevation_SRTM_Real,150
12.8875,74.8208,0.0,4.02,302.5,HIGH,Open-Elevation_SRTM_Real,150
12.88885,74.81,0.0,4.38,155.2,HIGH,Open-Elevation_SRTM_Real,150
12.88885,74.81135,0.0,9.63,169.6,HIGH,Open-Elevation_SRTM_Real,150
12.88885,74.8127,0.0,3.34,267.4,HIGH,Open-Elevation_SRTM_Real,150
12.88885,74.81405,0.0,10.99,171.4,HIGH,Open-Elevation_SRTM_Real,150
12.88885,74.81945,0.0,13.63,317.3,HIGH,Open-Elevation_SRTM_Real,150
12.88885,74.8208,0.0,8.98,350.7,HIGH,Open-Elevation_SRTM_Real,150
12.8902,74.81,0.0,2.96,248.1,HIGH,Open-Elevation_SRTM_Real,150
12.8902,74.81135,0.0,11.99,249.9,HIGH,Open-Elevation_SRTM_Real,150
12.8902,74.8127,0.0,9.13,30.6,HIGH,Open-Elevation_SRTM_Real,150
12.8902,74.81405,0.0,2.93,98.0,HIGH,Open-Elevation_SRTM_Real,150
12.8902,74.81945,2.0,7.44,309.6,HIGH,Open-Elevation_SRTM_Real,150
12.8902,74.8208,2.0,5.58,260.9,HIGH,Open-Elevation_SRTM_Real,150
12.8902,74.82215,2.0,12.53,120.9,HIGH,Open-Elevation_SRTM_Real,150
12.89155,74.81,0.0,5.04,273.3,HIGH,Open-Elevation_SRTM_Real,150
12.89155,74.81135,0.0,6.45,35.0,HIGH,Open-Elevation_SRTM_Real,150
12.89155,74.8127,0.0,8.88,126.7,HIGH,Open-Elevation_SRTM_Real,150
12.89155,74.81405,0.0,3.34,86.2,HIGH,Open-Elevation_SRTM_Real,150
12.89155,74.81945,2.0,15.55,355.2,HIGH,Open-Elevation_SRTM_Real,150
12.89155,74.8208,2.0,10.88,231.7,HIGH,Open-Elevation_SRTM_Real,150
12.89155,74.82215,2.0,10.95,317.0,HIGH,Open-Elevation_SRTM_Real,150
12.8929,74.81,0.0,8.11,350.5,HIGH,Open-Elevation_SRTM_Real,150
12.8929,74.81135,0.0,10.88,95.8,HIGH,Open-Elevation_SRTM_Real,150
12.8929,74.8127,0.0,6.99,241.4,HIGH,Open-Elevation_SRTM_Real,150
12.8929,74.81405,0.0,14.9,147.5,HIGH,Open-Elevation_SRTM_Real,150
12.8929,74.82215,1.0,6.04,357.0,HIGH,Open-Elevation_SRTM_Real,150
12.89425,74.81,0.0,4.02,119.0,HIGH,Open-Elevation_SRTM_Real,150
12.89425,74.81135,0.0,8.96,12.9,HIGH,Open-Elevation_SRTM_Real,150
12.89425,74.8127,4.0,1.79,46.7,HIGH,Open-Elevation_SRTM_Real,150
12.89425,74.81405,4.0,1.35,312.1,HIGH,Open-Elevation_SRTM_Real,150
12.89425,74.82215,1.0,6.95,301.1,HIGH,Open-Elevation_SRTM_Real,150
12.8956,74.81,0.0,1.17,85.7,HIGH,Open-Elevation_SRTM_Real,150
12.8956,74.81135,0.0,3.89,350.7,HIGH,Open-Elevation_SRTM_Real,150
12.8956,74.8127,4.0,13.78,165.6,HIGH,Open-Elevation_SRTM_Real,150
12.8956,74.81405,4.0,3.61,276.0,HIGH,Open-Elevation_SRTM_Real,150
12.8956,74.82215,1.0,3.97,52.6,HIGH,Open-Elevation_SRTM_Real,150
12.89695,74.81,0.0,14.26,141.1,HIGH,Open-Elevation_SRTM_Real,150
12.89695,74.81135,0.0,5.89,81.0,HIGH,Open-Elevation_SRTM_Real,150
12.89695,74.82215,1.0,4.65,302.4,HIGH,Open-Elevation_SRTM_Real,150
12.8983,74.81,0.0,9.52,179.5,HIGH,Open-Elevation_SRTM_Real,150
12.8983,74.81135,0.0,3.52,134.1,HIGH,Open-Elevation_SRTM_Real,150
12.8983,74.81945,1.0,18.12,164.8,HIGH,Open-Elevation_SRTM_Real,150
12.8983,74.8208,1.0,10.52,75.5,HIGH,Open-Elevation_SRTM_Real,150
12.8983,74.82215,1.0,0.7,237.7,HIGH,Open-Elevation_SRTM_Real,150
12.89965,74.81,0.0,6.33,88.9,HIGH,Open-Elevation_SRTM_Real,150
12.89965,74.81135,0.0,6.63,142.0,HIGH,Open-Elevation_SRTM_Real,150
12.89965,74.81945,1.0,12.75,349.2,HIGH,Open-Elevation_SRTM_Real,150
12.89965,74.8208,1.0,11.28,58.2,HIGH,Open-Elevation_SRTM_Real,150
12.89965,74.82215,1.0,13.96,171.8,HIGH,Open-Elevation_SRTM_Real,150
12.901,74.81,0.0,6.56,165.1,HIGH,Open-Elevation_SRTM_Real,150
12.901,74.81135,-3.0,10.67,136.1,HIGH,Open-Elevation_SRTM_Real,150
12.901,74.81945,1.0,4.0,297.4,HIGH,Open-Elevation_SRTM_Real,150
12.901,74.8208,1.0,14.69,273.9,HIGH,Open-Elevation_SRTM_Real,150
12.901,74.82215,4.0,6.59,334.7,HIGH,Open-Elevation_SRTM_Real,150
12.90235,74.81,0.0,6.05,153.0,HIGH,Open-Elevation_SRTM_Real,150
12.90235,74.81135,2.0,10.59,132.4,HIGH,Open-Elevation_SRTM_Real,150
12.90235,74.81675,1.0,7.99,158.7,HIGH,Open-Elevation_SRTM_Real,150
12.90235,74.8181,1.0,0.58,86.9,HIGH,Open-Elevation_SRTM_Real,150
12.90235,74.81945,1.0,1.22,49.0,HIGH,Open-Elevation_SRTM_Real,150
12.90235,74.8208,1.0,14.75,359.1,HIGH,Open-Elevation_SRTM_Real,150
12.9037,74.81,0.0,9.6,230.8,HIGH,Open-Elevation_SRTM_Real,150
12.9037,74.81135,2.0,9.26,320.8,HIGH,Open-Elevation_SRTM_Real,150
12.9037,74.81675,1.0,1.5,152.3,HIGH,Open-Elevation_SRTM_Real,150
12.9037,74.8181,1.0,16.44,296.8,HIGH,Open-Elevation_SRTM_Real,150
12.9037,74.81945,1.0,8.35,91.5,HIGH,Open-Elevation_SRTM_Real,150
12.9037,74.8208,1.0,8.78,194.1,HIGH,Open-Elevation_SRTM_Real,150
12.90505,74.81,0.0,13.44,26.6,HIGH,Open-Elevation_SRTM_Real,150
12.90505,74.8154,2.0,9.89,24.7,HIGH,Open-Elevation_SRTM_Real,150
12.90505,74.81675,1.0,12.62,68.0,HIGH,Open-Elevation_SRTM_Real,150
12.90505,74.8181,1.0,8.91,35.7,HIGH,Open-Elevation_SRTM_Real,150
12.9064,74.81,0.0,13.3,233.4,HIGH,Open-Elevation_SRTM_Real,150
12.9064,74.8154,1.0,10.88,98.2,HIGH,Open-Elevation_SRTM_Real,150
12.9064,74.81675,2.0,11.85,257.8,HIGH,Open-Elevation_SRTM_Real,150
12.9064,74.8181,2.0,5.56,113.3,HIGH,Open-Elevation_SRTM_Real,150
12.90775,74.81,0.0,14.77,321.7,HIGH,Open-Elevation_SRTM_Real,150
12.90775,74.8154,1.0,11.6,65.4,HIGH,Open-Elevation_SRTM_Real,150
12.90775,74.81675,2.0,4.55,241.2,HIGH,Open-Elevation_SRTM_Real,150
12.90775,74.8181,2.0,0.47,248.8,HIGH,Open-Elevation_SRTM_Real,150
12.9091,74.81,0.0,14.72,79.5,HIGH,Open-Elevation_SRTM_Real,150
12.9091,74.8154,1.0,8.42,54.5,HIGH,Open-Elevation_SRTM_Real,150
12.9091,74.81675,3.0,2.53,327.7,HIGH,Open-Elevation_SRTM_Real,150
12.9091,74.8181,3.0,12.58,157.8,HIGH,Open-Elevation_SRTM_Real,150
12.91045,74.81,0.0,12.59,190.7,HIGH,Open-Elevation_SRTM_Real,150
12.91045,74.81675,2.0,0.94,286.5,HIGH,Open-Elevation_SRTM_Real,150
12.91045,74.8181,2.0,11.54,208.4,HIGH,Open-Elevation_SRTM_Real,150
12.9118,74.81,0.0,6.05,102.9,HIGH,Open-Elevation_SRTM_Real,150
12.9118,74.81675,2.0,8.83,117.0,HIGH,Open-Elevation_SRTM_Real,150
12.9118,74.8181,2.0,9.67,148.8,HIGH,Open-Elevation_SRTM_Real,150
12.91315,74.81675,3.0,10.18,183.2,HIGH,Open-Elevation_SRTM_Real,150
12.91315,74.8181,3.0,17.7,214.3,HIGH,Open-Elevation_SRTM_Real,150
12.9145,74.81675,3.0,4.27,72.4,HIGH,Open-Elevation_SRTM_Real,150
12.9145,74.8181,3.0,15.86,160.2,HIGH,Open-Elevation_SRTM_Real,150
12.91585,74.81945,2.0,8.8,150.2,HIGH,Open-Elevation_SRTM_Real,150
12.91585,74.8208,2.0,5.86,276.3,HIGH,Open-Elevation_SRTM_Real,150
12.9172,74.8127,3.0,8.85,196.6,HIGH,Open-Elevation_SRTM_Real,150
12.9172,74.81405,3.0,11.33,350.8,HIGH,Open-Elevation_SRTM_Real,150
12.9172,74.82215,0.0,9.41,339.4,HIGH,Open-Elevation_SRTM_Real,150
12.9172,74.83565,4.0,22.14,213.7,HIGH,Open-Elevation_SRTM_Real,150
12.9172,74.837,4.0,14.5,183.2,HIGH,Open-Elevation_SRTM_Real,150
12.9172,74.84645,4.0,4.6,207.1,HIGH,Open-Elevation_SRTM_Real,150
12.9172,74.8478,4.0,20.57,163.0,HIGH,Open-Elevation_SRTM_Real,150
12.91855,74.8127,3.0,4.34,209.1,HIGH,Open-Elevation_SRTM_Real,150
12.91855,74.81405,3.0,7.9,199.0,HIGH,Open-Elevation_SRTM_Real,150
12.91855,74.82215,0.0,14.5,339.5,HIGH,Open-Elevation_SRTM_Real,150
12.91855,74.83565,4.0,13.67,91.3,HIGH,Open-Elevation_SRTM_Real,150
12.91855,74.837,4.0,0.67,328.4,HIGH,Open-Elevation_SRTM_Real,150
12.91855,74.84645,4.0,3.25,77.5,HIGH,Open-Elevation_SRTM_Real,150
12.91855,74.8478,4.0,16.77,143.0,HIGH,Open-Elevation_SRTM_Real,150
12.9199,74.8127,0.0,4.75,259.4,HIGH,Open-Elevation_SRTM_Real,150
12.9199,74.81405,0.0,13.53,193.7,HIGH,Open-Elevation_SRTM_Real,150
12.9199,74.82215,-1.0,0.44,331.4,HIGH,Open-Elevation_SRTM_Real,150
12.9199,74.8235,1.0,8.94,153.1,HIGH,Open-Elevation_SRTM_Real,150
12.9199,74.82485,1.0,5.03,89.3,HIGH,Open-Elevation_SRTM_Real,150
12.9199,74.83835,4.0,21.99,255.4,HIGH,Open-Elevation_SRTM_Real,150
12.92125,74.81135,0.0,2.19,3.7,HIGH,Open-Elevation_SRTM_Real,150
12.92125,74.8127,0.0,2.47,257.2,HIGH,Open-Elevation_SRTM_Real,150
12.92125,74.81405,0.0,14.46,298.6,HIGH,Open-Elevation_SRTM_Real,150
12.92125,74.8235,4.0,9.93,349.4,HIGH,Open-Elevation_SRTM_Real,150
12.92125,74.82485,4.0,13.04,235.1,HIGH,Open-Elevation_SRTM_Real,150
12.92125,74.8262,2.0,11.39,129.4,HIGH,Open-Elevation_SRTM_Real,150
12.92125,74.82755,4.0,17.28,124.8,HIGH,Open-Elevation_SRTM_Real,150
12.92125,74.8289,4.0,10.76,87.5,HIGH,Open-Elevation_SRTM_Real,150
12.9226,74.81135,0.0,9.12,232.4,HIGH,Open-Elevation_SRTM_Real,150
12.9226,74.8127,0.0,11.19,208.7,HIGH,Open-Elevation_SRTM_Real,150
12.9226,74.81405,0.0,8.33,101.5,HIGH,Open-Elevation_SRTM_Real,150
12.9226,74.8235,4.0,5.29,296.1,HIGH,Open-Elevation_SRTM_Real,150
12.9226,74.82485,4.0,10.84,111.5,HIGH,Open-Elevation_SRTM_Real,150
12.9226,74.8262,2.0,18.31,63.3,HIGH,Open-Elevation_SRTM_Real,150
12.9226,74.82755,4.0,10.68,99.2,HIGH,Open-Elevation_SRTM_Real,150
12.9226,74.8289,4.0,14.97,108.8,HIGH,Open-Elevation_SRTM_Real,150
12.92395,74.81135,0.0,8.95,300.1,HIGH,Open-Elevation_SRTM_Real,150
12.92395,74.8127,0.0,1.23,213.0,HIGH,Open-Elevation_SRTM_Real,150
12.92395,74.81405,0.0,7.03,150.0,HIGH,Open-Elevation_SRTM_Real,150
12.92395,74.8154,0.0,6.69,204.9,HIGH,Open-Elevation_SRTM_Real,150
12.92395,74.8262,3.0,15.8,344.0,HIGH,Open-Elevation_SRTM_Real,150
12.9253,74.81,0.0,13.21,126.6,HIGH,Open-Elevation_SRTM_Real,150
12.9253,74.81135,0.0,6.58,240.7,HIGH,Open-Elevation_SRTM_Real,150
12.9253,74.8127,0.0,10.7,115.7,HIGH,Open-Elevation_SRTM_Real,150
12.9253,74.81405,0.0,14.8,152.8,HIGH,Open-Elevation_SRTM_Real,150
12.9253,74.8154,0.0,8.97,116.0,HIGH,Open-Elevation_SRTM_Real,150
12.9253,74.81675,0.0,14.84,325.3,HIGH,Open-Elevation_SRTM_Real,150
12.9253,74.8181,0.0,3.55,146.5,HIGH,Open-Elevation_SRTM_Real,150
12.9253,74.8262,-1.0,12.44,196.2,HIGH,Open-Elevation_SRTM_Real,150
12.92665,74.81,0.0,10.07,69.4,HIGH,Open-Elevation_SRTM_Real,150
12.92665,74.81135,0.0,10.79,213.7,HIGH,Open-Elevation_SRTM_Real,150
12.92665,74.8127,0.0,6.09,195.2,HIGH,Open-Elevation_SRTM_Real,150
12.92665,74.81405,0.0,2.42,35.1,HIGH,Open-Elevation_SRTM_Real,150
12.92665,74.8154,0.0,12.76,90.9,HIGH,Open-Elevation_SRTM_Real,150
12.92665,74.81675,0.0,10.57,75.1,HIGH,Open-Elevation_SRTM_Real,150
12.92665,74.8181,0.0,15.72,276.4,HIGH,Open-Elevation_SRTM_Real,150
12.92665,74.8262,-1.0,5.03,265.0,HIGH,Open-Elevation_SRTM_Real,150
12.928,74.81,0.0,11.67,292.5,HIGH,Open-Elevation_SRTM_Real,150
12.928,74.81135,0.0,0.35,6.8,HIGH,Open-Elevation_SRTM_Real,150
12.928,74.8127,0.0,7.51,5.5,HIGH,Open-Elevation_SRTM_Real,150
12.928,74.81405,0.0,7.32,256.8,HIGH,Open-Elevation_SRTM_Real,150
12.928,74.8154,0.0,0.64,221.7,HIGH,Open-Elevation_SRTM_Real,150
12.928,74.81675,0.0,15.47,82.8,HIGH,Open-Elevation_SRTM_Real,150
12.928,74.8181,0.0,7.19,349.6,HIGH,Open-Elevation_SRTM_Real,150
12.928,74.81945,0.0,16.49,72.8,HIGH,Open-Elevation_SRTM_Real,150
12.928,74.8208,0.0,0.39,226.1,HIGH,Open-Elevation_SRTM_Real,150
12.928,74.82755,1.0,1.88,23.6,HIGH,Open-Elevation_SRTM_Real,150
12.928,74.8289,1.0,4.55,218.9,HIGH,Open-Elevation_SRTM_Real,150
12.92935,74.81135,0.0,3.18,314.6,HIGH,Open-Elevation_SRTM_Real,150
12.92935,74.8127,0.0,14.59,190.5,HIGH,Open-Elevation_SRTM_Real,150
12.92935,74.81405,0.0,8.03,289.9,HIGH,Open-Elevation_SRTM_Real,150
12.92935,74.81675,0.0,17.09,9.8,HIGH,Open-Elevation_SRTM_Real,150
12.92935,74.8181,0.0,17.15,322.6,HIGH,Open-Elevation_SRTM_Real,150
12.92935,74.81945,0.0,4.02,51.5,HIGH,Open-Elevation_SRTM_Real,150
12.92935,74.8208,0.0,0.72,311.6,HIGH,Open-Elevation_SRTM_Real,150
12.92935,74.82755,2.0,4.81,304.6,HIGH,Open-Elevation_SRTM_Real,150
12.92935,74.8289,2.0,19.87,335.1,HIGH,Open-Elevation_SRTM_Real,150
12.92935,74.83025,0.0,17.88,324.4,HIGH,Open-Elevation_SRTM_Real,150
12.92935,74.8397,4.0,13.48,333.5,HIGH,Open-Elevation_SRTM_Real,150
12.92935,74.84105,4.0,8.01,350.8,HIGH,Open-Elevation_SRTM_Real,150
12.92935,74.84645,4.0,23.51,111.5,HIGH,Open-Elevation_SRTM_Real,150
12.92935,74.8478,4.0,20.9,333.0,HIGH,Open-Elevation_SRTM_Real,150
